customer_id,customer_segment,account_creation_method,country_code
b7f5c3b1-728f-4c76-b229-3be8442856d3,Startup,Google,US
47843576-df0f-4ba8-b8bd-ff6704d91489,Enterprise,LinkedIn,US
a083a506-732f-41a9-95c3-0d59e7d4a0d7,SMB,Email,GB
050d3f04-e887-4780-a50f-80288666fae3,SMB,Google,FR
d90d2350-eb60-49d9-b326-d77e4887ed37,Startup,Google,GB
c13940a6-948b-457d-bc3a-8b853c77acef,Startup,LinkedIn,BR
373341f8-8161-42aa-a90d-2da20d49d27a,Startup,Microsoft,BR
ee6465a8-7fc8-481e-b6a5-96bc22bc53e0,Midmarket,Email,GB
862e42fd-a925-421b-bdff-462688465058,SMB,Google,GB
e490800a-c1c6-498e-8a28-542a9f6afa27,SMB,Email,FR
c60dc3f6-d993-4c9b-90c5-8b8aa105c8bf,Startup,Google,CA
dfa17dc5-648f-4135-bb47-416f4cca0761,Enterprise,Email,AU
0c19964b-ba3a-4b11-bf31-44b2d62e8f43,Midmarket,Email,JP
6d23fd6e-8ba8-42f4-a634-e0e1f5be15da,Startup,Email,BR
fbf6073f-b468-486b-9a51-c8b8c2028844,Startup,Google,AU
3ef1aae1-e645-41b4-9007-9bb10678bbf2,Startup,Email,GB
c5294fa4-cf8c-4338-9714-154bd5ff6e81,Startup,LinkedIn,FR
4d80b654-e16d-4d77-bcc2-a0e425db9063,SMB,Email,DE
5c71ff94-1c67-44f9-81bd-9f1229780b27,Startup,Email,FR
9fe30d51-3665-4ac3-9cfc-bda890f69c90,Startup,LinkedIn,IN
9b6d3e9d-9826-4bac-9f8d-0353930d385c,SMB,Email,IN
6423ef0d-8090-497b-84ae-bbf5f781c6ae,Startup,Email,AU
c0c99737-3231-4046-8e25-d1b365de1765,Startup,Google,US
6a10c51b-6b68-4c2f-8c20-3a8b2c370749,Startup,Email,IN
f93eccab-6884-4052-a0f7-b6ddafec6970,SMB,Email,IN
14ef8c88-fe83-40e5-86a1-571c5bfa4b20,Midmarket,Email,CA
4f1b1fd2-31c2-4da7-a7c5-1ee16c30d4b7,Startup,Microsoft,DE
547e1f1d-b236-4446-afa3-16589fb94669,SMB,Google,CA
e4e6b8ba-5730-4079-bb82-bd992707191d,SMB,Google,DE
067d0402-9f25-4ce9-9d51-f3ce6b1aa805,Startup,Google,ZA
42995574-40eb-4979-b9eb-114c10ea8054,SMB,Email,JP
b5e54e8b-55f6-4a19-84d2-a0b354753451,Startup,Email,BR
e394f352-e842-4438-9d0d-b05b8c75fb83,Startup,LinkedIn,IN
8543d413-7bb2-4466-a7b3-aae53e76c7d8,Enterprise,Email,BR
ebb92749-7827-497c-8b02-c07b67e0cd61,Enterprise,Email,IN
9fa9d750-d377-4c88-96d5-9b1caacf3c40,Midmarket,Email,CA
38616290-0ed8-4ed4-871f-f82efeebed2a,Startup,Email,JP
69cfb2f0-1a1d-4d60-a100-1d82be23a1ac,Startup,SSO,CA
80d0202e-6f90-47c0-a6ea-53eaba2de2a7,SMB,Email,CA
5ceeebe2-c46e-4497-bda4-16d3754920da,Startup,Google,DE
e9fae6a4-5ad5-4ccd-84fb-daa33c48688a,Startup,Email,US
3589a091-9c1a-4053-a018-f932ba1f360e,SMB,SSO,FR
01162958-a81c-445b-aeb6-d935f152fa3f,Startup,Email,AU
59b6f085-c6cb-4961-809c-b828ae9f7e6d,Midmarket,Email,BR
51b770ed-ddc6-43f5-8b5d-f129d6982f4b,Startup,LinkedIn,ZA
53617b85-576f-4c67-9704-95538fee73c7,SMB,LinkedIn,IN
8486620b-096c-422b-8e60-18e90036c8c9,Startup,Email,CA
8b4be187-ddbb-4e11-a180-b68a99f05e4c,SMB,Email,US
f3595442-9409-4cdd-b3bd-e29dc7593e53,SMB,Email,CA
7345b753-73d8-4120-afe4-5670025411ef,Startup,Email,JP
80e669b0-a5d8-471a-a96a-e961a76a701a,Enterprise,Email,DE
c600b3c2-08ac-4f5d-ae40-c2ed42b8f890,Midmarket,Email,ZA
b0cc799e-8f55-4d70-ac2d-717440f6bbed,Enterprise,Email,FR
7bc39efb-3dec-4a25-ad36-ee5e8a9e9d56,Midmarket,Email,JP
34e9c7ce-bdd2-4bfd-aeac-a78fe3f54602,SMB,Google,GB
e6229585-c448-4641-b5ad-96004cbb47b8,Midmarket,SSO,ZA
c9bac2d2-bae2-49e6-bb73-8695d3f84931,Startup,Google,CA
fa8e620e-789b-44a5-8a8e-7367bc235824,Startup,Email,JP
41de0ac3-b02a-4527-8ebb-f35c2f65c11a,Startup,Email,FR
8bdd576d-f6c9-4b6e-b662-a1bd53b52a1b,Startup,SSO,US
57331e38-5bac-443a-b0ee-9b49e40a1765,Startup,Email,US
917530a9-afe1-4118-9e18-6a9af9b24e13,Startup,Email,BR
ac2299cc-3d52-4b54-9333-530c47768efd,Midmarket,Google,FR
e9470e7c-d7f6-43b9-a543-3c68f3d39542,Startup,Google,US
5f25d4ec-7f81-4820-9db3-32e882a79dfa,Startup,Google,JP
cb1cf016-4f2f-480c-bd8f-934d65039e03,SMB,Email,BR
d76f5626-6ae5-4254-a499-f869c6e518d7,Startup,Email,US
d04f0e90-438b-42bc-940e-bb3b5fe50935,Midmarket,SSO,ZA
017accc4-10ea-4178-a777-4580b77fae55,Startup,Email,DE
d88784e8-b79a-4223-99a8-86fdbdd5ab45,Enterprise,Google,GB
e43d73c6-c8a6-4692-9c68-8b457fe0e1e5,Midmarket,LinkedIn,FR
082adc2f-8425-427b-9c6a-b594f3850576,Startup,Google,JP
821e884c-09fc-4bc7-aa7a-1b69ecfc6ce5,Startup,Email,IN
849c7842-a823-41ee-9ad9-cdf4f61df14a,Midmarket,Email,CA
cae2d88d-998b-4d7b-983e-a0e1bfc55cdd,SMB,Google,JP
a91a9076-267f-4620-b15a-fe681fcac7eb,SMB,Microsoft,US
6fd85509-4eb6-4cc9-a8f5-be562f7222df,Midmarket,Microsoft,JP
238a9476-53dd-4098-9eb8-3bb2b7e8ad56,Startup,Email,IN
58c68930-f28a-4ab4-81c2-c2b6cd745b6e,Startup,Email,CA
ab478d3c-5731-467b-bb3a-97db1ae9803b,Startup,Microsoft,BR
af63d23c-70c4-4cec-b3a9-e3560e5362fe,Midmarket,LinkedIn,US
11da7884-379b-4186-b97f-46a0c966cc24,SMB,Microsoft,AU
fe5d3065-7d33-40cb-b755-7a55363baf6f,Startup,Email,US
9d12ef77-d305-47d0-b392-ffb6575571d2,Startup,Google,GB
f5e7bdb3-9ec5-4834-8dba-f290bd1e4515,Startup,LinkedIn,AU
f68ff717-d4a7-49a3-98eb-ad278775f25f,Startup,Google,GB
d0a4c244-16b2-42c0-9bcd-bf4031312600,SMB,Email,IN
100b01b2-65c3-44c7-aedc-8f7170ace816,SMB,Email,FR
f5af1a5a-df59-4243-a7cd-1119c03fb684,Midmarket,Google,CA
412eacb4-f1b7-4fdf-a24b-2f8c11f998fd,SMB,Email,DE
add51253-ed0e-497c-b54b-820ed5f5b4b3,Startup,Email,BR
78fd5790-5b43-44f7-bb2a-e250371ca7a8,SMB,SSO,DE
566023a6-e310-4597-9eb8-a2dac50eb195,Midmarket,Email,ZA
7a6d3083-49ae-4263-b7ef-ba30db9ac427,SMB,LinkedIn,ZA
048d5c1a-c504-41ae-a336-6c766c8749ab,Midmarket,Email,IN
a6eacaf3-cbaf-4ad8-8772-7e95e35ee6af,SMB,Google,FR
f3720397-c4ef-4bd6-ab90-06a630d5b06f,SMB,SSO,ZA
0b4b64f4-4402-4e19-858b-15a999d51652,Startup,Email,US
ff129538-4c29-4efd-94ba-b90fbabc6611,Startup,Email,JP
2ed2f7be-59fa-4776-b4bb-aff1fb29e287,Startup,Email,GB
eabe6ff0-de47-434d-b9e0-0a35022937e1,Startup,Email,ZA
46c43338-60f1-41f8-aee6-7902fea31cc9,SMB,LinkedIn,IN
5f34c975-80d5-4bfb-8a89-1aed53faf925,Startup,Microsoft,GB
12dcda0c-04d0-4774-b28f-53fc9de5d239,SMB,Email,US
2e6dd046-bee9-4c7d-99b9-6d80ccfcce27,Midmarket,Email,FR
bd238a8d-ba9e-42a3-b806-b041691485a1,Startup,Email,CA
70606806-8822-4b06-a98b-3e9894240637,Startup,LinkedIn,DE
06e14c79-dab1-4c2d-8e06-c7765109b79f,Midmarket,Email,US
063373c0-5775-493d-bbc3-6a5f178457db,Startup,Google,BR
0542d616-d697-4908-978d-e2d664b3a99a,Startup,Google,AU
9c7ae9b9-990b-410e-b92a-40de8c04b4a6,Startup,Google,IN
d2a8a381-2d7f-4d8d-bf6f-aa588ce51630,Startup,Email,DE
636960a5-404c-4c86-a215-a45709044755,Midmarket,LinkedIn,BR
f7ec2099-880a-4991-b0d0-d51197f9709c,Midmarket,Email,CA
e63df9e7-a3e7-4563-88f8-f3fbf1642bf3,SMB,Email,BR
48dfca2d-97d7-49f7-aecb-7630f66c12ae,Midmarket,Microsoft,FR
5432be53-9a6e-475c-8779-99094d172b1a,Midmarket,LinkedIn,AU
353f433c-b832-42b6-bab7-55cba72b6ee8,Startup,Email,GB
7170f16e-98a1-4ec6-94c4-448e26e48cde,Midmarket,Email,DE
957835e1-be19-483e-9b84-6584bbc62f78,SMB,Email,AU
2a6efdfa-891e-4be0-ae4e-bf9013750869,Midmarket,Email,JP
8d22b7e7-b70b-4ee2-8a02-56e4d2a44750,Midmarket,Email,US
1333e8fa-4dd2-4c79-a6b3-5ec31a495e2f,Startup,Email,JP
b9a93d54-2893-40fc-96e4-bfa5cc28254e,Startup,Email,US
059290f7-7fc0-4fc6-8a86-fc7032bf6f43,Startup,LinkedIn,FR
2adca644-50e1-443b-a0fd-356efd4d679e,Startup,Google,AU
95ffa907-2ad7-4c7d-a5bc-89735890cecc,Midmarket,Google,CA
e33b8b4c-d057-465b-a635-0c14bfffbd40,Midmarket,Email,ZA
dffe76a0-d78f-47f2-acb1-649ba2f2cb4c,Startup,SSO,BR
de26437c-bd44-473c-a34d-c01bee6edd2b,SMB,LinkedIn,ZA
ddc2352e-c2f6-4bac-87d8-4572dba47abb,Startup,LinkedIn,AU
d0647fc1-6fd7-4beb-bc9a-b7c6abba78f2,Startup,LinkedIn,JP
0afbcea7-b475-4161-a361-bc5a42cdb87a,Startup,Microsoft,ZA
6aca5ee3-284f-43ba-ae75-02914ab92290,Startup,Google,IN
f709fc69-b0a8-4875-ac88-36d1b1c6757f,Enterprise,Email,ZA
92e31cb5-273f-46d4-b1de-97503224b403,Startup,Google,US
f92a8219-a65d-403a-a997-6d9d8d4e9859,SMB,LinkedIn,IN
08ec3d01-ffa4-4eea-9f35-43e2f956f0e1,SMB,LinkedIn,DE
80672097-a90f-4465-ab18-ab7c8e2077c6,Startup,Google,ZA
bb12984a-bd1d-4199-a97d-32a60a495b0f,Enterprise,Email,IN
4836b794-26a2-4aa6-8cf4-591e62f36651,Enterprise,Email,AU
fc6b6ed0-507a-473a-af16-a42f5228f87f,Startup,Microsoft,BR
30b798ee-9bff-4805-8c97-2eca908ffc0a,SMB,Google,DE
87a53f2e-7353-4ef2-bab0-9aaece26dad0,Startup,Google,CA
f2671421-00d6-43fa-9566-a90d2fdc5771,Startup,Email,CA
68f1c242-fc2c-4afb-8fe1-9f4829160e37,Startup,Email,FR
68904fcb-0754-44d5-a5f2-09e70b1d950e,SMB,Microsoft,ZA
f54b2fe7-9ab3-47f8-bc55-3ea5866154fb,SMB,Google,BR
88f6f687-0ea8-41e5-b22f-ff099d132868,Startup,LinkedIn,GB
6af54547-8543-48b8-abca-b29ff8284c3c,Startup,Email,IN
2239b1d5-5553-4183-aca3-ad0f431a8019,Midmarket,Google,DE
23e19add-3d1c-4574-8fb6-c3561e3c87ef,Startup,Email,AU
9dc0491c-d941-47d8-8b09-b45d024f5fba,Startup,LinkedIn,ZA
9cf91f3b-5867-43fa-a3bf-c1473abfe6bc,SMB,Email,AU
e71787d5-b9a2-40cd-aeee-e9466cdc5872,Enterprise,Email,GB
3009a7e3-694e-49d6-b1ed-2f1d653dfe3a,Startup,Google,FR
dfbf12d2-b413-4728-bf30-63ee0fef6215,SMB,Microsoft,GB
792b393a-5211-4650-aa0a-18abd18eb88a,Midmarket,Email,US
7b37c22b-0bf9-4a2d-8f1b-517a260a1a24,Startup,LinkedIn,JP
bfceb5f1-59e1-4623-a6bb-61b9d7fc89c5,SMB,Email,DE
771b4da7-6399-4d5d-8558-e6d6115cb65a,Startup,Email,JP
b21fc6be-b346-4231-83ce-d392fa642ff2,SMB,Email,GB
bc395057-0dba-48f8-b47a-24e3f3a05118,SMB,Email,FR
d3aa9e53-fbcb-4cfd-90ff-7fc796e68989,SMB,Google,FR
24a668ad-f623-4c72-befa-c0dfa9e8c328,Startup,Email,CA
4eebbbba-6687-4bb3-9c59-8ac94268822c,Midmarket,Email,ZA
b4bd8461-8dfe-450a-8e16-eadef6a94182,Startup,Microsoft,CA
f66865f7-a5a9-4b9b-991c-55c901f979fc,Startup,Email,DE
d3e3bdbf-070a-4846-858f-a0bec43fb1fa,Startup,LinkedIn,DE
65632158-cb01-402c-88dd-8b2d92ab7887,SMB,Email,DE
a07b7b82-567a-41d4-b03a-c965b7cb0ac1,SMB,Google,AU
5fe33dfb-4e70-441a-b461-48997e655d84,Startup,Email,CA
96d26168-2828-44e7-be6d-bf3467a7a0e5,SMB,Email,AU
888b19fc-5edf-4372-b05e-030fee186cf2,Startup,Email,JP
6314c8b4-fd9a-4018-9fb9-eaa4b156edcd,SMB,Email,ZA
dbb869a1-3423-4d2e-9f58-fd5c14fd2c0b,Startup,Email,GB
a0515dce-8485-4c3d-a206-b5e213e1248c,SMB,Google,IN
f4854d51-3c41-477a-a121-b88011c6d09d,Startup,Microsoft,CA
3e4e1545-9377-42b0-a871-e7d91f6c9622,Enterprise,LinkedIn,IN
b331ce44-3cf3-4c4c-84f4-45432156f672,Startup,Google,FR
9b32cb06-3c28-490f-80b7-730c3c92b701,Startup,Email,CA
959c83fe-ad2b-42c0-bd2a-f99efd64a29b,Startup,Email,JP
3d3526a6-f649-4722-9c72-277dfc8c18b3,Midmarket,Email,CA
8a5ed80f-2d02-42b9-8889-e50601d352b0,Midmarket,Email,AU
83bf8abe-8e1f-454d-99f2-13a804d7cc19,Startup,Google,ZA
856d4915-c272-4304-8ea8-e162115d8d2d,SMB,Google,GB
bb08767f-6d91-4cb1-9854-ef50e0772ace,Midmarket,Email,BR
86586f0c-b25c-43b0-8096-ad86dfefa735,SMB,Email,GB
2bc22212-7f66-4953-8154-ff5f14301260,SMB,LinkedIn,GB
92c2afcb-2eba-4dd6-9b5e-976e4997ea6a,Startup,LinkedIn,FR
97d23e0a-56e2-43b3-974e-d7c9c0206c99,Startup,Email,JP
1bdd7335-8b06-42fe-a103-083c00e0e2df,Midmarket,Microsoft,IN
6b6bba8b-ac66-4019-8121-3162cd54c18f,Midmarket,SSO,JP
8fe4d712-4707-4913-bd9f-7fb0d3f0d42c,SMB,Email,BR
e621464b-e15f-46a9-b1f8-872621de6d70,Startup,Email,FR
ed413501-fd8e-45c1-a5a9-748a4ab4d34a,Startup,Google,ZA
90c90392-6fb6-42c7-9969-e1b8339f8490,SMB,Microsoft,GB
6561ae58-5b2b-4c23-a0bd-108242c55708,Midmarket,Microsoft,AU
d1b7e368-977f-45db-b5ec-5138a45e06f8,Midmarket,Email,FR
45de3951-a473-43e2-bd5c-810489a27240,Midmarket,Email,DE
1621a959-1c49-4edc-9c01-b6648f5b13ab,SMB,Google,CA
218e5973-c74f-4ecc-bc61-3840752f089f,Startup,Google,JP
4cf3b4ed-9c62-4673-9529-a9cb635838d7,Startup,Email,FR
42e6a358-c198-4163-8376-4ca283684fb4,Midmarket,Microsoft,DE
dceab962-2f57-4d63-8677-34afcd623c18,SMB,Google,IN
6ca8e0b5-a391-4c56-a68c-e5ce92e799bf,Startup,LinkedIn,BR
86a61da0-db34-4db3-83a4-a737be938294,Startup,Microsoft,BR
624e6c52-cd51-4bae-8ff5-1158c733535c,SMB,LinkedIn,GB
49119b9c-b729-4930-a48d-5d0208e7727d,Startup,Email,GB
9c3a6da2-f5d9-43df-9375-ef339ce152a7,Startup,Google,FR
36f3147b-e71d-4cf1-bbb9-3440245542e6,SMB,Email,FR
bcbaa77c-d8b5-4f7b-bbea-2736974a425a,SMB,Google,ZA
e86fa963-e7ce-4205-b965-9ebaa4712357,SMB,Email,CA
5e6e6ed3-5bdc-4195-bd13-05a0ad41ebd9,Startup,Google,US
d9af8736-e7ec-4b98-b0a7-4b2bb10437d8,SMB,Email,IN
242a9bc3-00bd-4284-b180-a2dd9706c566,Startup,Email,GB
80d7428e-6de8-4982-a71b-44b5bdbf9508,Startup,Email,US
69750ca6-3094-4b3e-97fc-f07de6d440f2,SMB,Email,US
dd0936a0-4800-4512-81d8-01df7868cbd2,SMB,LinkedIn,CA
374b0b8b-1403-490f-9d67-5ba42bc000d8,Midmarket,LinkedIn,AU
0d0e8c39-3186-4b43-929c-e001120051f3,SMB,Google,AU
56514a15-c83c-46a3-8df8-73ee5549c8ed,SMB,Email,GB
ecff2c38-6d76-4aaa-8ee6-449d45e3c089,Startup,Email,DE
7c9ec7e0-1078-40d1-bfc6-252bfb2841c4,Startup,Email,CA
f56ea6ff-5c8c-48ca-a78b-c47bfbbf2b46,Startup,Email,CA
dfebe4d0-6920-4a2b-8deb-6915ff16d393,Startup,Microsoft,JP
4cf9384f-e6d0-41d9-b5b6-b91cc209073e,Enterprise,Email,US
b67730ed-73cd-493d-a114-113633deb15b,Startup,Email,JP
6d25802a-f7b9-4601-811f-82545d2ecab8,Midmarket,Email,US
677c6b74-6e97-4a8b-89c2-b8eef27b3110,SMB,Email,AU
bf17aa11-9aca-407f-b6a4-38a0380fa6a5,Midmarket,Google,GB
c409b93e-04a0-4508-9f7a-dabf9a7e6203,SMB,Google,IN
4d045a63-3223-4978-9774-ee00d7523dab,SMB,Email,AU
81ad3917-e203-4610-ad2a-1da1b7c266d4,SMB,Email,CA
ae8fac13-14c3-4fc9-8fc9-e5131b01eeeb,Startup,Email,IN
bf30ec97-b3f3-49d5-9a92-e4d25253e09b,SMB,Email,FR
21192754-ef9c-49d4-b42b-ce1dd12fe2eb,Startup,Email,IN
b6f9794c-3cae-4551-8ec8-a6ce69f7d8e3,Startup,SSO,IN
5e6fa3c8-7a53-463d-8afe-407f33a839fe,SMB,Google,AU
351dab63-a252-49a6-9650-cfa597471099,Startup,Google,CA
f42d7966-787d-4462-8e63-3ce351060353,Enterprise,Email,IN
7351c4c1-3e7f-4d94-b396-b4eab1af5438,Enterprise,Email,AU
7a9b8e62-0781-4e91-aea2-328663005a11,Midmarket,Google,AU
ad307807-3b2e-4de7-b8b7-dae3486bb8bc,Startup,Google,IN
9986ff8c-298c-4e68-9b7a-8b3a2295c4ba,Startup,LinkedIn,US
cf347aa5-200d-4617-8af6-d427d72bd986,Midmarket,Email,CA
dadd06d1-3c6b-4172-b647-ea7f13542fc2,Startup,Google,BR
c525730c-1ad7-405c-ad92-c5bcca1da250,Enterprise,Email,IN
e001a3fa-5137-4259-83c8-baa4227a3f58,Enterprise,Microsoft,JP
ddcc8b2f-0f53-4089-8811-310044896e64,Midmarket,Google,JP
d9cf2048-38a4-481e-a3fc-699ae8f06476,Startup,Google,FR
c3b03ba6-d2f4-4a9a-9e4e-41b4c8540be0,Startup,Email,CA
e22c012f-dcbd-4352-8a62-b40c87b49fe5,Midmarket,Google,AU
1cf4495b-232a-40b0-b311-262246446cd6,Startup,Email,ZA
05e1f1f1-ca7f-4de1-b0ef-88a0215266a9,Startup,Email,GB
55717348-482c-4b8b-b4b5-c0e4fe7c8773,SMB,Email,DE
6c0d17c7-b0db-4e36-87cd-d463f4bda01a,Enterprise,Google,ZA
a8041df8-47f4-4961-bb95-77802b196b76,SMB,Email,CA
740d42eb-0912-4008-82d1-068513769662,SMB,Email,CA
4e284668-10cb-407e-a4ad-3e2911a17a86,Startup,Microsoft,IN
85fb18cc-2acf-41fc-942a-b965e3c9b8fa,SMB,Email,IN
74b8fc37-72f2-4146-923c-c072624187cb,Enterprise,Google,ZA
2312215a-e352-498d-bddc-3b8bf722ba11,Startup,Email,AU
1ead40a6-bce4-4590-9bf9-05c9a772c9b9,SMB,Email,FR
9efc7769-b2ce-4054-9066-cfda3f7a43a5,Midmarket,LinkedIn,IN
abaa5d66-1fd6-4147-a566-17fceaf9050c,SMB,Email,DE
d83f8738-07d4-45ca-94d5-413ae44fc8b7,SMB,Email,DE
a0dd2835-c640-4e4b-a466-cbc6f55970b0,SMB,Google,FR
7f4a32e1-77d6-4111-b894-a4795eb6d488,Startup,Google,US
358baebe-a9d3-4f3d-ac9a-c490bab94ed6,Startup,Google,US
ceb287a6-b140-4d2c-8b5e-d2b1f7e1fbf7,Midmarket,Email,CA
f052755c-3e36-465d-baed-025928b74627,Midmarket,Email,IN
1afa57c8-6ccc-4995-96fc-8b7eb1737b4a,Midmarket,LinkedIn,JP
4edf5183-c48e-4861-a10f-4066b00c600a,Midmarket,Google,ZA
fbbc7eea-bcb3-43ce-b68f-074f797c5b8b,SMB,LinkedIn,BR
58da620d-ec47-4a25-80bf-65a8c984ae73,SMB,LinkedIn,FR
9d6e1794-85d4-44dc-9ed0-33e131b81252,Midmarket,LinkedIn,CA
0c5a7fb7-da56-4a78-9c93-1196070cc657,SMB,Email,JP
6ffed02c-fca0-4e7b-b6e9-f29911f743d3,SMB,Email,IN
bc414da1-556e-4643-a981-02fb76b31a86,Midmarket,LinkedIn,JP
1c2aaf85-ce93-476a-995a-fa4b488c9698,Midmarket,Email,JP
df5c8ff5-a246-498c-a68c-3e8b7f74fde5,Startup,Email,FR
e7a41f83-ceba-4ab8-aee3-f0bf71101b25,Startup,Microsoft,CA
562ba5de-bb2b-49b3-b6bd-382cfe80755d,Startup,Microsoft,AU
f19dbecc-7545-454e-a321-1d07a8a41c08,SMB,Email,DE
7f60f5b6-058b-4d3b-84bf-22ffb1249f77,Startup,Email,ZA
fe47bb39-eccf-487e-95d5-e8da980f9fdf,SMB,Email,CA
7c1a9fbe-5294-45d4-8b5b-9cdd73737da5,SMB,LinkedIn,BR
bf43b230-bb4d-41ea-83bd-8ff1ee9a3406,Startup,Microsoft,JP
c8fa141d-f4ed-4271-959e-e403bd4d2108,SMB,Email,AU
dd41a3be-5b71-47b5-978d-c1d512979d3e,Startup,Email,FR
ed1ed24d-83f2-4f43-a68a-5016fd4220ab,Startup,Microsoft,GB
c7947856-c05b-49a4-87fe-a1403a62ce5b,Midmarket,Email,ZA
b1bed556-9c29-4b05-9199-0b5d316789d0,Startup,Google,ZA
44bbcdb4-f63b-48bb-8665-50393c875b49,Startup,SSO,DE
b68dbedd-e6a8-4277-abb2-18aadb6ed427,SMB,Email,GB
419ab907-6b8a-4a4a-94ea-640f62f73214,Midmarket,Google,IN
2e4ab795-73f8-40f6-907e-fbb94c322b02,Startup,Email,GB
77bd5fd2-74c2-4f84-98f9-22819ea1bdd9,SMB,Email,JP
75796d72-1dbd-4c41-9e56-e53ebd9a6cc9,Startup,LinkedIn,JP
7fd2cd52-672a-4794-bd23-e90a24a3becc,Startup,Email,JP
aead5c43-2781-41b2-9839-c1b4250b93b7,SMB,SSO,JP
3024e56f-960d-4fdc-b000-65dd61740f03,SMB,Google,CA
dc80bc28-5a4a-47a7-87a7-9a2b835903e0,SMB,Email,ZA
863b22d3-d79a-417e-a845-29566bd2b824,SMB,Email,GB
fac91c5b-548a-48ec-879b-de4f9c010569,Enterprise,Email,ZA
2ec60dcb-2aa6-4e98-89b0-03d348260697,SMB,Email,BR
d46e1e73-9c0e-416a-b444-62ff8ef31644,Startup,Email,GB
c2055e40-8f43-46ac-8b7c-9c3c448fb98b,Midmarket,Email,CA
9f230a6d-cfd4-425a-b7c1-def5ba3724cd,Startup,Email,BR
de7e02d1-5946-4676-9acf-959244649288,Startup,LinkedIn,ZA
0d6272c3-9678-4dee-abe6-504c81c79190,Startup,Google,BR
7f6f0993-aaa4-462a-ac39-c3d102e806ab,Startup,LinkedIn,DE
7472c9b6-721c-4ffb-a969-e9790dc70afc,Enterprise,Email,BR
25e6c95b-d95c-465d-957e-f56a652a3938,Midmarket,Email,GB
853e27e7-7b08-4cab-a0a6-96882e4ba468,SMB,Google,JP
22abf8d7-d1ba-44b5-8a53-78c5140101c2,Startup,Email,JP
7ebfca0c-c35a-4038-8761-a0ae7a6db304,Startup,Email,IN
24f7d4fc-9ca2-4ddd-93e0-0149c0ae9568,Startup,LinkedIn,ZA
92f8e4f2-eade-4f7c-8146-f1cf58922e6d,Startup,LinkedIn,DE
1a1b2e26-9fc8-4474-8896-f1b8f5b1dce2,SMB,Google,GB
712040a7-a62b-4d5c-8c69-3274760d456f,SMB,Email,GB
2746f17d-ec08-4ce0-968c-0d6b158b1baa,SMB,LinkedIn,FR
88c3b2ec-139f-45ef-9f3c-9ec802a5c9a8,Startup,Google,US
45685529-ce48-43ba-a846-e808962c52fa,Enterprise,LinkedIn,ZA
1f8098c1-d671-44af-b3d0-dd2feb9438b4,SMB,LinkedIn,GB
cad670f4-1613-4a96-af91-794177f02d76,SMB,LinkedIn,AU
0e580753-460e-4501-aa19-c9b95fc9f05d,SMB,Google,GB
7a6a3f36-e496-4703-9a86-8c0ef7052dfd,Startup,Email,FR
5a235e4d-2c40-4209-b8b5-92e03b5dd39a,Startup,Google,BR
c905ae0f-5ee6-44bc-be0b-79b6c4360244,Startup,Google,CA
6ee6dfd8-2a2b-44e8-be73-a2ed9ffe959f,Midmarket,LinkedIn,CA
a1d2653e-fd96-4533-b7bd-9a1c39466da7,Startup,Email,AU
5e2111e9-b438-49f9-9b86-d7fd67c73089,Startup,Email,AU
3728c9fe-6315-49c6-817c-56c413b8adfe,Startup,Microsoft,IN
65416b28-05f1-4ea2-a2ca-591002592543,Startup,LinkedIn,CA
66f3762f-151a-4192-b3d4-58e6cccd0731,Midmarket,Microsoft,BR
4291501d-8ae0-4d3b-a8f4-32b6fbd579cb,SMB,LinkedIn,CA
2f5094d7-0c33-4252-bef3-fab0d4252251,SMB,Google,US
5b58f3bd-039a-4a89-9a2a-e269da9e5732,Startup,Google,ZA
9b6488c5-1342-45ec-8453-20c192f17ed5,SMB,Microsoft,CA
b66cd645-7478-4a12-a1d0-1da791e2859a,SMB,Google,JP
3f294ff1-9c4c-492a-937e-462cde21f4f3,Startup,Google,IN
546a26d5-5792-47c8-af15-539215c30387,Startup,Email,FR
91baf609-d49e-4c27-a3f7-4249028b89ac,Startup,Email,AU
a2fcd9a5-704b-4dc6-b78c-bde6fa01784b,SMB,LinkedIn,US
3e212be9-977b-46cb-9854-529a225a7136,SMB,Email,AU
cfac61fd-a1c7-46fe-b088-35dd468958aa,Startup,Email,IN
c59eb5cc-c817-4f67-bb53-9cebed5a8af7,Startup,Email,GB
8e49f558-6ea1-45e7-a53e-0014dacc1ba7,SMB,Email,US
768c70f8-1b4b-4583-81d6-53ccb94b10c5,SMB,Email,DE
0c561812-579a-4f5d-8416-f9e1f793bab4,Midmarket,Email,US
8d3e3333-56d9-4d18-8626-8b08d746ace6,SMB,Microsoft,IN
bffe59c6-739d-4b4f-be12-bf512d003a2a,Startup,Google,FR
0be8b89f-4faf-4067-9951-ce17b455391b,Startup,Email,US
2faaed3b-0999-4dc8-949b-4a244abe98b0,SMB,Email,IN
5f1e8a80-d7f8-42b3-9165-c759de775c84,Startup,Google,BR
8ab78818-dc81-490e-81c5-21298e88f705,SMB,Email,ZA
8093594d-10c7-4138-9c48-2f353338d83d,Enterprise,LinkedIn,CA
9c6a538c-8e40-4e0f-ba77-c04924e39653,SMB,Google,BR
5c422ac3-aa53-42b0-9a04-f16fabc78a63,Startup,LinkedIn,IN
947948a6-a0af-4630-a699-2eae6a2046b9,SMB,Email,JP
db8c627c-7200-402d-a0c8-208a06833d2f,SMB,Google,GB
778e5470-30ce-4520-a6d7-3030fdf47b99,SMB,Email,CA
c91db0a9-cef8-483a-aa79-874303953812,Enterprise,Microsoft,JP
d46bc663-c8bb-40b9-b1ad-f6034f12f419,Startup,Google,FR
b061fc4d-6bb1-4a6a-951f-93f35a66694b,Enterprise,Email,AU
3132dd01-f35a-4c78-b1fc-283a1f1e3449,Midmarket,Email,DE
bfc71cad-7f6e-4eb5-bdf7-3a3fcc8b7c6f,Startup,Email,CA
9af4b3f5-75ca-479e-96ad-bf50c3036c6d,Startup,Google,BR
a57870bf-848f-4d2e-8e8a-b12f22ea0098,Startup,Email,GB
766f5692-ae73-429a-8d62-4ac7052e5629,Startup,Google,JP
fbb7a205-a73e-47b3-9ad0-09a1e6e56561,Startup,Email,IN
bb5199af-66e2-4b31-8d0b-e19d1eed6fab,SMB,Google,CA
0744a986-92dc-4c2c-970e-8a24fa320a27,Startup,LinkedIn,AU
91419f29-a2ce-421e-8640-eca2ece495b6,Startup,LinkedIn,IN
eb427841-050e-4f7b-8fe5-b5233fde60f3,Midmarket,LinkedIn,JP
50f72d20-4201-47a0-9370-21455846e9c4,Startup,Email,GB
2adbbf30-f68e-4b0f-81c2-44d4521caa32,Midmarket,Email,US
c9da39e3-ab45-4a97-9bca-effe300ec06f,Startup,Google,AU
01c7c1e2-2a70-4bdb-ae5c-906234f0ebfe,Startup,Email,IN
8d32028a-b3fa-4cd1-9e07-aa11fee78c1e,SMB,Email,AU
bb1bfcd3-b075-4f8d-9385-65ed5c2045e2,SMB,Email,FR
e717391a-6f6b-4b23-8784-b594f34d160f,Midmarket,Email,IN
165427a7-14b8-449a-b50e-a8bf7bf5e542,SMB,Email,CA
7f893f7c-6d33-4e3c-b314-93f4282f1d22,Midmarket,Microsoft,US
99ac126c-c4a2-4b4e-9a33-00fa7f600c98,Startup,Email,US
921f7a51-d7b9-45f7-8cae-c23e8a8baf2f,Startup,Google,DE
c5343e29-84a9-4c13-a901-0f93ecde9ee8,Midmarket,Email,AU
b42dd8a6-b294-4518-9929-07541cc89b74,Midmarket,Google,BR
75706f8b-046d-4deb-b2df-417c72e5c3dc,Enterprise,Email,US
d3d9073a-694b-4e42-9d6c-7c8c14c81f12,Startup,Microsoft,US
eaf3ca71-2214-4cbd-85dc-7e3950a53c89,Startup,Microsoft,FR
480c0ab7-21eb-4110-b41c-bd27df0a8126,Midmarket,Email,ZA
d3993c53-be5a-41c6-b543-1ec73a2b3761,Startup,Microsoft,FR
d7d11b68-78f7-4b2c-8f51-3bdac6626885,Enterprise,SSO,FR
1ce0d5b8-83d8-4ba2-9a2c-c1d3d952d483,Midmarket,LinkedIn,ZA
6e5e8f5d-5d7c-4540-82bd-d0567c6b6b08,Startup,LinkedIn,AU
0d50e9b5-ed27-4cbc-8096-b4d128dd9fba,Midmarket,Email,IN
93e6e1c1-e86e-460c-bd42-69ff737b5083,Midmarket,Google,GB
813a9b2f-cfa5-40d9-a383-9d4039a49c85,Startup,Email,BR
336bef13-b3ad-4771-b428-6b4910403969,Midmarket,Email,US
1c11a30f-664c-4c73-a0ec-dedb706e2e69,SMB,SSO,DE
374d2eb8-7b25-4f83-b417-986d6a1b0565,Midmarket,Email,BR
00d28aff-c1fa-4315-84f9-91bb2e037ad4,Startup,LinkedIn,IN
20ee1a8a-b857-4190-be23-fe0495526fe9,Midmarket,LinkedIn,ZA
7f4660fc-f272-4d8b-8731-2c119dc957db,Startup,Microsoft,BR
41f41d60-4181-4d57-84e5-11f2e1384924,Startup,SSO,US
acb02831-4773-4f09-8766-b95527ba8740,Midmarket,Email,BR
a9163111-8d17-4d8a-a70d-ac994cdd2545,Startup,Email,GB
72e7b888-5c89-4c56-bb55-4b425436961c,Startup,Email,ZA
10df2df2-95da-4c50-91a3-c3247e86bc0f,Enterprise,Email,BR
db405458-439f-4154-b1c3-4797ac71dad6,Enterprise,Email,US
ff617aa9-fd30-45b7-95b2-b6263cac19d9,SMB,Email,US
7f834de4-5f93-4aa5-9781-83e8bab988ae,SMB,LinkedIn,BR
3cb88508-3378-428f-ad84-18074956d973,Startup,Google,AU
1c06c9b7-8dfe-42f9-9e63-3b2972919587,Startup,Email,DE
ea357110-e5ad-453d-8543-4640f707bd11,Startup,Google,JP
d79b401b-7f0f-4334-ac9a-b9d11e4a0fe4,SMB,Email,FR
d610bed4-dc44-4401-bf68-7e63d761c13b,Midmarket,Email,ZA
a10836a5-279d-4d9f-b372-827c56362929,Midmarket,LinkedIn,JP
46b467a2-4bf6-4f9c-98f7-9260f861b5d7,Midmarket,Google,IN
e33e4d27-6b1e-49ac-970c-488b198667ce,Startup,LinkedIn,IN
7d7bf14b-0dd8-46eb-bacf-cd1889661d0b,SMB,Email,US
06cbe2c3-0bd6-4ca8-aaa5-283c1806a723,Startup,LinkedIn,IN
7992800e-2e00-497b-8227-a30326750e84,SMB,Google,AU
99f45d93-724d-435e-aed8-a9ad62641698,Startup,Google,DE
03d56cd5-71cb-4137-b332-c8290711f0f1,Midmarket,Google,IN
69e940e6-2950-412f-9344-fd04aa161c3a,Startup,Microsoft,GB
1b763927-e5da-4ccd-8b14-a5d15adc84f0,Startup,Google,DE
e4099269-2b19-49b6-af41-07a825ff7fd6,Startup,Google,AU
4ea86a72-22ed-4631-bddd-873fd6a0514c,Midmarket,SSO,JP
67c2a577-6188-4ff5-b893-cb54d535e715,SMB,LinkedIn,DE
e65c0c15-b2d5-4834-b7b6-6ce369cffe39,Startup,Email,DE
ce854601-1fde-4fc3-b28a-62a2b3f1437d,Startup,LinkedIn,JP
c604b370-d650-4843-801a-7e6fd3fb3d9e,SMB,Email,AU
79e150ef-2393-43bf-b95a-50be2b576dde,Startup,Email,IN
96e838a4-f40b-4800-9bf6-5a74351acd27,Midmarket,Google,US
d1c08bed-f8a8-4459-8bf7-8690320af018,SMB,Microsoft,ZA
d098f8e3-12a3-4b97-acf3-921953b3b7e1,Startup,Microsoft,JP
cd0adce2-cf91-4aae-ac11-df7b477d468d,Startup,Email,JP
13bfba28-6f9f-4562-90cb-4feab0728941,Enterprise,Google,JP
6355c769-c63a-4b44-afe5-666f4ead238d,Startup,Email,JP
4874f040-caaa-4fb8-ba63-bd4ff9f33286,Startup,SSO,ZA
d5b9f615-9ebb-4ac1-81be-e6e3d68883f1,Midmarket,SSO,ZA
dedaf6b4-bd91-4bd1-9385-96fd1e7f3bfe,Enterprise,Google,IN
62a294f0-d7dc-43ad-ae1c-e2ce8192dee1,Enterprise,LinkedIn,BR
afbe9427-4692-423f-b94b-58bdaa3d3e9e,Midmarket,LinkedIn,BR
d2094bef-eefa-4522-9c27-7e09a2c9ebb3,Startup,Google,CA
d9d132a4-0f82-43f1-b043-f7efc546ad42,Startup,Email,JP
851954d3-2897-485c-9cc4-8cc8e40641f1,Midmarket,Email,JP
bcbbeb27-e0b2-44a6-8db6-30da6e5330a0,SMB,Google,DE
0b1728dc-52a6-46c5-ac3d-cb03afa17e3c,Startup,Google,BR
b805ab6b-a8a1-4222-ae0e-ced378470253,Midmarket,Email,IN
17e9f860-b91a-439b-a7a0-87ad9933a463,Startup,Microsoft,US
2f2c302d-026a-4e24-aa1d-9c2cc9fa3256,SMB,Email,CA
8c39b491-38ce-4bd8-a3ab-0b1b7f2b8ac4,Startup,Google,CA
a6289f95-0adb-4f6a-a1bc-bebf5044d3a5,SMB,Google,IN
b1181766-679d-4254-bbf4-ed885e80cd04,Startup,Google,US
59666cd2-ece4-4fff-a1ec-d04151e57ff8,Startup,Google,DE
d98c3b0a-6352-4a18-bbc3-9cbf3f6c42d0,Startup,Email,ZA
9b2b96f1-0201-4636-936c-c8d71b39f496,SMB,Email,FR
79048814-11d6-4c30-900f-0897cf9e9f74,SMB,Google,BR
5aed9b85-a0fb-4aa7-9042-e33a72e7925a,SMB,Google,JP
c8bcfce8-9e5b-48e2-8d3a-d48e431957bc,Enterprise,Email,IN
f37cda6c-621d-4141-ae77-f116bea72fe7,Startup,LinkedIn,BR
0bc2d418-0877-4727-a675-1e81bfda037c,Startup,Email,JP
6bee9e1d-7735-40b8-8493-2268f8114b89,Midmarket,Google,FR
cb310680-4d77-44f5-be6d-25751b77ed77,Startup,LinkedIn,FR
ccfd2974-f0b1-4c71-80ac-6d260d17c1f3,Enterprise,Email,ZA
b1ddf443-94f5-4d94-a571-766b78a8f03a,Startup,Email,AU
61b9b4e0-973b-49d7-9390-9d9829cf3e22,Enterprise,LinkedIn,FR
e2e02294-46d7-4ba4-8041-d2ec97b47aaa,Startup,Google,BR
0a3f7577-c489-4d85-bd92-07151321400b,Midmarket,Google,GB
b4910936-82dc-458a-84cc-30161208e843,SMB,LinkedIn,GB
fa678e74-2b41-4b42-9237-df16f6f4ba05,Enterprise,LinkedIn,JP
2213a156-86a7-46a9-a5e9-6a2917b648da,Startup,SSO,JP
aa161e2e-6b7c-46c6-96c2-436a12988678,SMB,Google,AU
a8f6cf52-3203-4a90-b315-af9ce6839199,Enterprise,Email,GB
49ebbf99-eac2-4236-9e41-6c7f3ce97f31,SMB,Email,JP
184f4710-918b-448e-9d7b-7f9ec640bf77,SMB,Email,FR
92fd1b63-2c39-4faf-9e92-fda0788ed5d2,SMB,Google,JP
0a4663ce-1579-4a54-a040-7cab11de07ef,SMB,Email,CA
3e9e7b8c-aa6e-471e-ae1d-4bc2d42ed606,SMB,Microsoft,AU
a4045511-9359-4120-a9c4-d4eebd2d5a70,SMB,Google,IN
64c837d8-77d4-4702-bdd1-298a8082db9a,Midmarket,Google,US
c33fd21f-ce08-4696-ab08-efbbc084012f,Startup,Email,DE
bbe60666-1cda-462d-8f59-325e55516e9d,Startup,Email,US
d3582e32-3693-4259-a25e-0bff7d4f0822,Enterprise,Email,US
33a22d63-f855-4cab-a7d1-29d82be5ca07,Midmarket,Email,ZA
ac67567b-6bfd-4067-9ab0-3f2571e38fb2,SMB,Email,IN
964a633a-41a6-45bc-99f6-696fdd073910,SMB,Google,JP
4c7f4f42-4e83-4258-a6ef-264ff2bc640f,Startup,Microsoft,ZA
b70c320e-9995-44ee-9db9-b33462425afd,Startup,Microsoft,US
b2f0a5ac-08ad-453d-95f7-35501da1152e,SMB,Google,CA
285ee927-dd0c-42ab-bd9e-59e34e3acd52,Startup,Email,DE
ed5c4474-020d-4e48-8608-be6a1ce0a6fe,SMB,Microsoft,US
dc91da4d-1fec-457d-b43b-538b480a551d,Startup,Microsoft,GB
72366759-25f8-4e2d-8e30-ab1cda178dad,Enterprise,Email,IN
a4c27584-9216-4657-b862-f4c40e28eff7,Enterprise,LinkedIn,IN
e2f83d48-a4d7-4ed2-a6e8-0d61afa8ed2e,SMB,Email,IN
8e6f9e63-d02c-4e34-903b-c48bcbde6070,SMB,LinkedIn,AU
ee53f4dc-7d4d-4168-8291-90dbf3494000,Startup,SSO,AU
c887e3e9-5621-455b-90c4-bcec1ea07297,Midmarket,Email,FR
73a88c61-d9b1-4331-b2cc-b450f3179ef5,SMB,Microsoft,BR
56041319-cc6d-4793-8bc1-528beb6e33b6,Startup,Google,DE
3163e300-d3d9-424b-aa83-6f591283478a,Midmarket,SSO,ZA
4998cd40-0f76-4f42-a50b-6fefbc4cd998,Midmarket,Email,JP
986133f9-b6a1-4c9f-a922-ce5c82b09b52,Enterprise,LinkedIn,US
cab37020-dc6c-4a5e-b9f7-628c49b1a74a,SMB,Email,BR
7d9bfd86-145d-4146-9f60-1a5d735bf02e,SMB,Email,JP
37d00959-84a8-4b98-9bb5-3d67aca89727,Startup,Email,ZA
ba36d810-2c58-4f93-8e97-fffd5b00cca2,Enterprise,SSO,BR
058cb06e-af72-4110-a07a-be2bc1d22a60,Midmarket,LinkedIn,JP
8e949b3d-56e3-4753-ba20-4190c0544e5f,Startup,Microsoft,CA
4bd28dbc-21c8-4c99-8cda-638a0ad7c6e3,Startup,Microsoft,AU
5972590f-52a1-440a-bc7e-9ecbd4301208,Startup,Email,ZA
b80c9695-d309-463e-aaeb-dbbb4387512a,Midmarket,Email,DE
ae459c70-7498-4292-91b5-0084fba91ff3,Enterprise,Email,GB
dfddede6-d8aa-453f-99c0-033547cfe8e5,Startup,Email,CA
03056115-1ca5-47a9-9c0b-dc10a9715ed8,SMB,Email,AU
ddeda915-432d-4bf0-b2fb-e7411a49c92f,Startup,Email,IN
b233ad08-6369-4303-a31b-2d8aa9f2cbe4,Enterprise,Email,AU
64d7ba5e-d265-4ede-be03-db6ded923f1a,Midmarket,Email,BR
84dab8c3-3e1f-4286-84d4-983e1b371ae9,Midmarket,Email,FR
49a0dc4f-06f4-4a1c-9fae-917c78ea2820,SMB,Email,CA
41e78d58-e173-46a7-b94d-d948d2601193,Startup,SSO,IN
f9044535-13f7-4c44-b02f-69a15d371975,Startup,LinkedIn,BR
54d4fa7a-c5f8-4b84-a9a4-490771783aa1,Startup,SSO,ZA
b3d07aa2-8834-4f5c-80b9-3672e9192415,Midmarket,Email,DE
2939b008-a17d-4b05-92b1-0086b441fe1b,Midmarket,Email,AU
c380c1da-3498-4d81-8e00-caab2e9a109a,Enterprise,LinkedIn,ZA
8f02445d-67ed-4957-94df-3af01d913312,Enterprise,Email,IN
1d0602cc-8968-470f-959f-b9f71beace6c,SMB,Email,BR
d9a8342c-d3aa-4b02-b43d-6609448a6caa,Midmarket,Email,FR
f6d90e5c-a9b4-4f88-966f-af61f243b24f,Enterprise,Email,AU
aa6de126-044b-4db1-9bbb-ff0b6160630d,Midmarket,Email,DE
a1612715-d0b8-4107-97af-c4d0eceee133,Startup,Email,FR
93d85249-e74a-4f0d-9f1f-76aecd4900d0,SMB,Google,JP
d28367b2-a328-4c3a-91df-ba085220d200,Startup,Email,BR
713d5fe9-166f-4960-a6b0-64ba3498b7d4,Enterprise,Email,ZA
bfad58b8-7c2a-439c-9d7c-9c115270e9db,SMB,LinkedIn,AU
0ddd60b6-9bd8-4696-a8d1-d939f00db446,Startup,Email,AU
7d64b6f6-c0d7-480e-9a77-228cee6d1e61,SMB,Email,IN
6e405342-49e8-411e-a280-1b67e5b5cecc,SMB,Microsoft,DE
4023934d-a35f-41a5-b071-9f362d8fe504,Startup,Email,GB
2c859dfb-27f0-4195-94d2-b0bbc144f658,Startup,Email,JP
eb6f88da-a4b2-4ca8-b543-34892a797b3c,SMB,Email,FR
313fe3d4-8e3d-4948-8ab8-3167d8431f25,SMB,Email,CA
b3227fd9-bc4e-4214-bc84-faecf7c16214,Midmarket,Google,CA
648897e3-7378-4f40-931e-a56491629940,SMB,LinkedIn,AU
ced95c88-a9b8-4479-9752-340aa614bc2f,Midmarket,Email,IN
d296fea3-3026-4679-a9c7-9f3308bc7307,SMB,Google,US
86fa386e-12a3-416e-b6ce-dfb7ad4a7886,SMB,Google,AU
55bae861-cd23-4311-86ea-b5863f7afb68,Midmarket,Email,CA
307c455d-61e6-4878-abb7-6b3c31ff5b31,Startup,Google,CA
ef014ab1-03e5-49bd-86f8-e6f423a495ac,Startup,Email,JP
98b2a45b-7642-4c8b-9267-ba33f62bc7f9,Startup,Email,ZA
87315f66-b380-4694-821a-20497945b5a4,Midmarket,Email,US
b93cb6da-05a5-4754-b48f-633d3c321dc7,SMB,Email,AU
e901b06e-402c-4466-9334-9d6b0a26be1f,SMB,Email,JP
402d7c3b-5ce4-47e3-b509-4e9ddac3eadc,Startup,LinkedIn,IN
1547264e-feb3-4aab-9991-efa72ae14424,Startup,Email,JP
bb42b68c-9811-4fdb-8e76-ee7bfa0e0e96,Startup,Email,AU
cb0ddbcd-4242-4e31-bb78-706bb9bcc8cd,Startup,Email,BR
7a815b07-5ef2-4fbe-9b5e-b40e16c8478b,SMB,LinkedIn,GB
085e03f1-6a74-4649-b1a8-34dc8fb7555e,Startup,Google,AU
8dd0171c-1357-4397-bd4b-0e100c008423,Startup,Google,DE
66b5217f-c358-453f-8093-5e8f9aafd912,Midmarket,LinkedIn,CA
d6a6fcbd-a982-4205-a201-88f105a6cc14,Startup,Microsoft,US
860473d8-a8dc-4338-b739-49e2e69a6c97,SMB,Email,US
d0e55c3e-eb3c-4b8d-b6ee-d171e7ab3ec1,Midmarket,Google,ZA
0eb8058b-c51e-44d4-92de-791f044dc3b7,Startup,LinkedIn,GB
d3656ca9-f1c8-46e6-8897-2c658cdc9822,SMB,SSO,DE
3ad61854-f274-43b5-8efe-57b120638da2,Midmarket,Microsoft,CA
706fd25f-d0fc-473f-8331-1fb90daaa656,Enterprise,Email,US
7d02ffe3-2ead-4240-9378-a1f73d74a001,Startup,Email,DE
3c7bb9b4-4481-4f7a-bd53-046daecd17cf,Midmarket,Email,JP
d9879cd0-f44d-44c0-a6c5-96b61ef867ac,SMB,LinkedIn,ZA
0e791ff1-bfbe-4968-be1f-d6991233759c,Startup,Email,AU
3e11f46c-0516-4fd6-ac9e-de47927c4c78,SMB,Email,AU
e75dfdc4-0a66-4990-a46b-99a68780dce7,Enterprise,LinkedIn,BR
555a70ce-4aae-4db2-84c1-6c3773bed7b5,SMB,Email,CA
56d10d13-0e17-40b4-949a-69764045a438,Startup,Microsoft,DE
45674f45-e140-4e23-9da6-23e46b924ee4,SMB,Email,FR
1fc17ffe-4006-497a-b256-bd3bed0b66a6,Startup,Email,US
a3a725d9-a5ae-4248-afac-4b02e91fbe27,Startup,Email,IN
5c34f11d-ac43-49ba-87c6-e827177dc5d1,Startup,LinkedIn,IN
d51936dc-bbaa-4053-ac21-3da440fd7fac,Startup,Email,AU
3f2030de-915c-498b-9f20-082d15dd73b7,Startup,Email,FR
10f5a505-edf3-4968-9000-984fc7d7572c,Startup,SSO,IN
0f205e52-67ae-4695-85dd-b5b4ccba775c,SMB,Email,GB
19daf01a-995e-4736-9683-31282eff5378,Startup,Google,GB
7b2d9e0e-5756-4567-9eae-51096bf2e51d,Startup,Google,CA
f7b66be0-a18e-4da0-afba-f73e04ed2b76,Midmarket,Email,FR
e055d4fd-4e10-4750-88cc-e6b3ec4222e2,SMB,Google,GB
9b14bbd9-9d84-4ba3-860d-b41f002d84c2,SMB,Email,GB
7e67734d-96be-4de3-9d84-f8d18ae4730a,Startup,Google,AU
7e95f854-c39f-4023-95f5-4c0eca7e9fd3,Startup,Email,IN
39c2912a-abca-4d5d-a5f4-3e5dc5ba9301,Startup,Google,CA
c287b439-d64b-4409-a951-b518ccb6b833,Startup,Email,DE
5c42523c-9d4a-4ac8-890d-363d8967c590,Startup,Google,JP
2dd1b67c-4543-4570-aa6a-710c505da3d9,Startup,Email,US
dd35c72f-8ac0-4b8e-b175-c939cf19d9b7,Startup,Email,US
10899297-3460-49ef-adcf-39f099550e45,Startup,Email,ZA
07645e45-d3eb-4d09-adc7-e0b7024e9b65,SMB,Email,JP
5bc47373-9f9b-4b7d-8c3e-5e3db5e8f90b,Startup,LinkedIn,JP
e37ea7d6-d3ea-4d36-91f3-39270828ffb2,Startup,Email,US
6e5df41e-c4c4-4f43-8e6a-e5bb9f7df707,SMB,Microsoft,US
18b56867-20f4-480e-80bb-e3920f7c9035,SMB,SSO,DE
749834cd-09d7-44a1-9c26-e4284a258eef,Startup,Google,FR
2b83d6a9-3457-4469-b456-22daefac6442,Midmarket,Email,FR
3e839c3f-012d-4706-abde-658a26c6add8,SMB,Email,DE
98609839-c9ff-4888-9880-39c355ad5000,Startup,LinkedIn,IN
698d4416-11a3-46c6-8b75-779600b8aa7e,Midmarket,Email,JP
be51ae53-3470-4e33-969b-b431db9a46b4,Midmarket,Email,BR
d08e6599-38e8-485b-b9b5-2836729fba5e,Startup,Google,JP
9f5d7c7b-13f7-4f47-bdf6-88823fb9c94e,Startup,LinkedIn,ZA
9d50b679-cb0d-45d0-a433-e1fdc3b9d87b,Midmarket,LinkedIn,US
a0dee71f-cf56-4bd5-9bf5-fbbfc4d726aa,SMB,Email,JP
2a267d8c-2bd8-4140-b6ab-86cf52fc17f0,Startup,Google,US
3d48aee7-1770-4602-893f-998d3f918cd4,Startup,Email,JP
9886ab14-e6e8-4f69-90ba-f778a8f6ab23,Startup,Email,ZA
c4eefe04-7078-460b-bdf9-7850b860ee08,SMB,Microsoft,IN
237eeef4-6b41-459e-8f4c-ff45dd995f9a,SMB,Email,BR
1e5b6caa-a70e-49bd-868a-446cfbce179e,Startup,Email,GB
a5e9d223-0a7f-4a91-bee2-e3c96569be39,SMB,Email,DE
123a5dc6-e88b-4fbc-abff-f1bcea49aa49,SMB,Microsoft,DE
01a5706c-b596-4174-a27e-05dc03c32044,Startup,LinkedIn,BR
3c5d076b-519c-40f7-90be-ab66e3816530,Startup,Google,JP
3f0da5a5-0361-4e21-9883-6b6a13e0736a,SMB,LinkedIn,GB
36bee3c8-3dfb-4de0-9398-c787feac0fe1,Midmarket,Email,ZA
d3fa3a04-12b8-4a83-b827-a689fd89c57e,SMB,Email,FR
d53af16e-b0e9-4e0c-aeaa-bd446dfd81bb,SMB,Email,JP
09c4faa6-cee9-4e67-853c-601d5a726500,Startup,Email,IN
fe501037-d8b8-42ae-be68-86c3df9e74d7,Startup,Email,US
fe3abb98-a596-454b-8e65-8121bd9f9750,SMB,Microsoft,CA
2bd3923f-6ecf-4ffc-9312-f0472cf37f17,Startup,Email,JP
9d9729b0-04bb-4052-b6b0-a1a0f3a87782,Startup,Email,CA
1c08b03f-6a4a-4896-b31a-5c5d1459043a,Startup,Email,JP
851d641a-2652-4e72-afc6-ffbb912f1294,Startup,Email,BR
23080c21-4dee-47db-9cc5-01f9ce3b99fc,Startup,Microsoft,CA
f18d55a7-854d-497c-8907-24b0ea615083,Startup,Email,JP
544e22e5-71b3-40d3-8427-e667e73099e1,Startup,Email,DE
0d42b13c-843c-4624-b132-e111d8fe4314,Startup,LinkedIn,CA
c6fcfe1a-f520-4ed7-95cd-6f15bc574de6,Midmarket,Email,JP
e3c2ed41-0dc9-4a55-8913-739df8c58019,SMB,Email,FR
33c64cd3-ce70-49f0-b28d-491d3a25e1cf,SMB,Email,US
d05f74a6-1807-45bc-9ddc-69bcc68aaad2,Midmarket,Google,FR
af634c9a-45e8-4cf9-9dcc-57971f3bddeb,SMB,SSO,GB
69776a7e-9173-4411-aa7d-2c2644cce6c7,Startup,LinkedIn,JP
46632909-b2b2-4270-8787-d39fa84b21c9,SMB,Email,AU
2b7a1d11-822e-4e7b-accb-f50adfd2dc80,SMB,LinkedIn,IN
34d21c5a-077e-4237-9f03-53c1c53cd798,SMB,Email,FR
1b45e0e3-e3db-4cc8-a42e-562e6382af18,Startup,Email,CA
e2f01df8-45c4-4093-bfe7-ff9d85dcfd23,Startup,Email,BR
82375659-e2c3-4891-b0cf-24e64d73d798,Startup,Email,IN
5d3aaf27-9eb9-4483-b50a-c4068ddd4539,Startup,Google,AU
1adf336f-c7d1-437c-840d-ba0dfdaf2ba3,SMB,Google,ZA
fb3e09a6-5d85-47c4-bc1f-ff8e81070af9,SMB,Microsoft,JP
abeeaa54-71a9-448d-adaa-f8f3a651a841,Startup,Google,BR
3cdf7dd4-d320-4078-984e-b0a0856b9f24,Enterprise,Google,JP
cd0149fd-3963-4268-97ad-174ffb3223b6,SMB,Email,GB
7f2fc20c-f6ec-4b63-8fff-eceb790ac166,Startup,Email,AU
d3c4773a-b9f1-468c-8048-c9ccb5d76f24,Startup,Google,JP
5ec89b6d-703a-4688-a47e-6dc64a2f5e92,Startup,Email,CA
544af632-586f-4468-b9c6-d02a64208536,Startup,LinkedIn,GB
a1c9d723-16c6-4205-9ed5-30b8c08e3647,Startup,Email,DE
13a0a88b-7a0d-4cc4-9ecd-688472340427,Startup,Email,ZA
f6dd5779-2ee3-44a8-a698-77c4495e3370,Startup,Email,AU
f0b1b49e-4634-47e0-89e1-ac732f19bae0,Startup,Email,US
998b04b2-b6c6-4c60-bab8-d3fc1abd6eba,Midmarket,Email,BR
7bac4837-07b9-4609-bbc7-2846e73995b3,Startup,LinkedIn,FR
11eee35e-12df-4cc6-b4c6-a267c868ac81,SMB,Email,JP
4ea94234-17e8-48af-9cac-8e4bef04360a,Startup,Google,BR
8a46ae4c-8e0f-4eaf-b152-6ac4b2c29fa3,Enterprise,Email,BR
e9cf93a2-7ce6-40b2-a68b-84abfe9986a4,Startup,Email,US
d0e4a3c5-1bb3-475e-bd08-dda95101171a,Startup,Email,US
13fa9a5f-6e5f-4ea9-84ea-ab48333344a8,Enterprise,LinkedIn,GB
4be780b2-581d-4247-ab1e-65be8a2202e8,Midmarket,Email,AU
40bfb217-ef0c-4546-8fc5-f7243276b2bf,Midmarket,LinkedIn,CA
aba671c1-50cd-4ccb-9421-afd61f5ea5ca,Startup,Email,ZA
b4ebd40c-f48d-4586-8349-db113848e491,Startup,LinkedIn,US
2f0740ec-95eb-4bd0-921a-d494568acecf,SMB,Email,US
fc19a45b-a3a4-428f-a886-7b0ba37cb3ab,Midmarket,Google,FR
9ec9f327-2a87-4146-95ba-439729278924,SMB,Google,DE
5ab5f4e8-173d-4459-93c9-50067ca622f5,SMB,Microsoft,US
b2219b79-e5b9-4715-9b54-c9bfede95a65,Startup,Email,DE
df2c5955-5a82-4e49-9a2c-8d43d3143187,Midmarket,Email,GB
2712cdc4-2dd8-460a-aa31-534b24764bd5,Startup,Email,CA
2d9caa54-73af-4868-a5ae-c4a9de78983a,Startup,LinkedIn,BR
f0b6e2be-95d0-4cd6-a932-8c23194273b6,Startup,Google,US
0e52d6a7-9c71-4021-8947-f04080b1f18e,SMB,LinkedIn,JP
262784e3-280e-4dba-8c75-38ae8dc1e8dc,Startup,Email,DE
2127d52c-05dd-4a6a-a210-2f2d508ac51c,Startup,Email,FR
1f436705-c402-42dc-afb4-29a0bb379d77,SMB,Email,ZA
e1e3d48d-3f60-45ff-a4b3-49954b8aec3b,Startup,SSO,FR
38065111-1710-4ab9-8bb0-fec1761bcdeb,SMB,Google,US
ff23bbae-ac41-4b1a-b2a5-0570058cb76d,Startup,Microsoft,AU
38f21d81-247c-4dcc-947f-18a453a0b451,SMB,Email,BR
1edabc6e-4297-42f3-9ff9-d6ba0106a70c,SMB,Google,CA
18dd2780-bb75-491a-a775-a6cfaaf593bc,Startup,Google,JP
17996b9f-b275-499c-946d-e7b920f2b414,Startup,Email,AU
d104f794-cfcd-4f02-979e-324b5d1c8632,Startup,LinkedIn,FR
fad6a67e-bc10-4962-b38a-df64c2f12ca6,Startup,Microsoft,DE
2b2cca62-43d5-48c5-9474-8caaed874e0c,Enterprise,Microsoft,DE
dd0137a8-b8b2-4b07-8939-2b82ad835395,Startup,LinkedIn,AU
920d5fcc-a044-422d-98c8-e4b4a2297b5c,Midmarket,Email,DE
f7da8a68-014c-4908-9098-168b5e1baa90,Startup,Email,FR
c244819d-b92e-4425-8911-4a9ea68a52d1,SMB,SSO,AU
2d3b93d8-a2ec-4692-90c4-26fc1544eb07,Midmarket,Email,FR
3e3dec39-2929-4859-8690-45da3049bf9f,SMB,LinkedIn,JP
67801cdd-9deb-438f-a62d-c5cba57c3f57,SMB,LinkedIn,BR
5570fba8-3804-4167-b02e-9067ceb909e7,Startup,Google,ZA
78561378-12c8-4b0e-b2c1-7aeeebeef218,Startup,SSO,JP
d8c36743-6ed9-422d-b381-957f9702c108,Midmarket,Email,JP
838b5601-b74a-4365-8f35-6d57efd6c62f,Midmarket,Email,DE
fcabd653-af79-4420-85bf-bd65bc5b30a0,Enterprise,Email,US
f33fc9b6-48a9-4486-b21f-0e3d2d43f48b,Startup,Email,IN
1203553c-0c0f-4090-a38b-c8b472c2fc2e,SMB,Email,DE
3dbf4062-df45-4a58-8c7f-aad76d7cee51,Enterprise,Email,US
8600da00-4cfd-4be7-8162-f4299ffc6e44,Startup,LinkedIn,FR
3ecf6d95-331e-496b-bb88-1a47e9dd7f75,Startup,Microsoft,IN
ded05705-393d-4a12-9a93-62bfc134c37e,SMB,Email,DE
8d402004-46e5-4601-a6dd-49feacf17eed,SMB,Email,IN
7408afb4-70db-4496-a957-9560f16e4a5d,Midmarket,Microsoft,IN
03838fda-934c-4638-b141-cb4e8e1deef3,Startup,Email,GB
8d9a8321-ea17-42bd-90e2-b2741bc33b57,Midmarket,Email,BR
a1f76983-a059-45dd-b79d-523f10ea52f5,Startup,Email,GB
f9850ea7-9800-40e4-9ae5-dc5dcd9157ba,Startup,Google,US
427402c8-7fb2-4eb0-8ef7-4c586fff6267,Startup,Email,CA
9b5f976a-bc2d-48b7-ac11-8a98982b4590,Midmarket,SSO,AU
38f83402-7e17-4bc9-9ca4-ab796bd65eb1,SMB,Email,ZA
6cbef9b5-bc22-450c-a25f-d1f8762bac16,SMB,Google,CA
06beb543-da36-4d20-89f3-63e78886b3c0,Startup,Email,AU
9767280a-700a-401d-a649-8e2fbc8dc117,Midmarket,Email,US
8ed582d4-f4ed-4a84-beef-dd3b64e95cf3,Startup,Google,US
a1e06e01-367d-496e-a73a-6fc6b6650412,Midmarket,LinkedIn,FR
c05a28c1-b8a7-43cd-8214-c3b149958ab1,Startup,LinkedIn,ZA
f1d3cd19-9ee8-4b1f-a485-2915080d16a1,Startup,Google,BR
3a5a4210-8c23-422b-b51f-6c14ee68f08e,SMB,Microsoft,IN
14005c5d-f9a2-48b2-b869-d401997c7622,Startup,LinkedIn,GB
cff63aef-950b-4e06-82b2-be1aa8545cd8,SMB,LinkedIn,GB
71e18e6e-eb9b-4fab-98dc-e6749c7287ca,SMB,Email,US
0cda8d14-174e-4226-9c7d-273108e2824d,Startup,Email,GB
6bb62a40-d764-4405-8384-16af18081631,Midmarket,Email,US
a2f9b9a3-a9db-47a3-b33b-20f14a423cb0,Startup,Google,IN
96ceedf6-0e62-48e6-8338-533b189fd40d,SMB,Email,US
04daf724-c17d-49b3-a6cf-30e18f54eab7,Midmarket,Email,FR
e23b820d-6ccd-4f22-b20e-c767fb6f2a52,SMB,Microsoft,BR
73c268fe-b1ea-4e1f-8129-edd2502e55d0,Startup,Microsoft,JP
652978d4-7c98-497e-9447-f42f717e49b6,Enterprise,Microsoft,DE
471b5e4f-4971-4c4e-86aa-f497a03040c6,SMB,Email,BR
208fdfe8-32e8-466c-933b-46866e7770fc,Startup,Google,BR
d8373dbd-2658-493e-9ff9-2ca85793c4f9,Startup,Email,CA
ec834edf-9b24-4982-aada-b5e22bc895f2,Midmarket,Email,ZA
cbbae34e-75b2-4dd4-8812-2793befc9ca2,SMB,Email,ZA
e68a2ac4-2df5-4e7a-987b-2b4c5f325137,SMB,Email,AU
d0504144-b017-4336-b1c3-94ee95382f5e,Midmarket,Email,DE
4bb81393-6873-44d4-8d72-c7427b79aa87,Midmarket,LinkedIn,IN
d196cd4d-cd45-469e-b91f-d044100e6767,Startup,Email,JP
3f5f2cc2-b2dc-4bfb-ac1b-fd59c935b8e1,Startup,LinkedIn,JP
41917a4d-3bae-4c03-aa41-c56490221aef,Startup,Google,ZA
739b935c-a39b-4283-834b-2d56e9813488,SMB,Email,BR
f7f5b19e-de39-4b45-8c50-fa91355d8c81,Startup,Email,FR
b16c55d2-d44d-4061-927a-991c4ddf684d,SMB,Email,AU
ff3f6344-76fd-45cf-a068-3c1e463d95cc,Midmarket,Google,US
f592e49d-a258-4e64-8760-be4f89045eab,Midmarket,Email,AU
8d7d3a6b-d0b9-4b97-a901-effc826feb52,Startup,Email,CA
3554a37d-081d-4523-a5c3-fd3e0b9854de,Midmarket,Email,AU
d0f7d077-79b9-42e0-9dbb-8596b1d4527c,Startup,Google,BR
38c125c4-f5a0-446f-afb1-4c078f41d885,Midmarket,Microsoft,IN
4e95f066-eeff-4bd8-b28d-de487d90ec5f,Startup,Email,BR
6e072074-0199-471a-adf8-49dde594a489,Startup,LinkedIn,ZA
515af0cb-433a-4861-8104-adbf60af9950,Midmarket,Google,IN
25e59980-86e2-4b55-b7a8-df467797b97e,Startup,Microsoft,GB
d6904d32-820e-4eb4-8a0b-a403bb6d5a7f,Startup,LinkedIn,IN
43fd8902-3789-4a3c-ab90-d302b43a39a7,SMB,Google,AU
494ee610-2afc-4ae5-8b7a-40e6d5c2d52a,SMB,Google,AU
29d77038-45c8-4c42-bab2-36039eb21c57,SMB,Microsoft,AU
9e12caea-478f-4a87-bef6-85c779edf4e2,SMB,Email,GB
33aad19d-6cf2-40f6-8dbf-41683ceee95c,SMB,Email,ZA
8eeae72a-be4d-4180-aa27-e7ae631f10c3,Startup,Email,US
9297a458-c893-44f3-a043-e8fd98c3b106,Startup,LinkedIn,DE
080c8e24-e8d6-4679-aa52-f0e4a3900580,Startup,LinkedIn,ZA
fc0d0494-24d6-41f5-a13c-1e85ba706ea0,Midmarket,Email,AU
d4e94407-18f7-4f01-81ae-2db3d8e9cfb2,SMB,Google,ZA
c2477e4c-0dc0-4fd6-a4b2-8cbf238483bd,Startup,Email,CA
6bac7784-c2c3-4fb9-a97a-b3b42c905ef8,SMB,Email,JP
a2bfc5fd-02dd-409b-9489-c0bc6ab73143,Enterprise,SSO,JP
90ddd84e-bc0b-4433-bd51-cefe3f9dbaa1,Startup,Email,DE
eab52542-52f4-4f40-92c5-48153e6683a7,SMB,Email,DE
7b50c9c8-ac97-417d-89a5-4ca8c3674238,SMB,Google,US
8d34a23b-91fe-49bb-896b-f60253be94ee,SMB,LinkedIn,CA
482f9600-cf13-42de-9f8d-eeac24def570,Startup,Email,BR
d277ae90-59fc-4d3f-adb4-b3c2ba6de922,Midmarket,Google,ZA
700ccbe7-31c7-4fbb-b908-409403099f1a,Enterprise,Google,IN
d89522dc-33b6-4ada-a344-a3a2ff4dfde4,SMB,Email,IN
6e6ac148-ceed-4f04-8cd0-4d70214e4d70,SMB,Email,BR
dacdc430-4424-4e60-85a2-bcfa72503815,Midmarket,Google,JP
3da2f7ed-9c7e-4076-b74a-168314e2ce95,SMB,Email,BR
b940e977-9fbf-475f-8cab-c8d012c0b82d,Startup,Microsoft,ZA
19bc5b25-5254-47e9-8c7c-82d908b1c0ce,SMB,LinkedIn,CA
ece32de3-0655-4d50-9cc0-e6d394872b08,SMB,SSO,AU
176a08ea-93ca-45e6-b0cc-23d356a451f9,Startup,Email,GB
a80c3870-4d24-4333-9af3-11519d000760,SMB,SSO,AU
e8e5aacf-5b48-4c80-b9cd-fb04358ba4d3,Enterprise,Email,GB
ff20429b-195d-4a51-b82c-1600b6173ca2,Midmarket,Email,IN
83f32e9d-e3ea-460a-bf29-f2ea029c1285,SMB,Email,DE
12b59d79-da2c-4d7c-a076-d7fb2d34b179,Startup,Email,ZA
1f4aade5-dec6-4aaa-a25f-c897f7af3971,Enterprise,Google,AU
d5f0791e-e3d9-45ad-a5ca-99ab5d2c0066,Midmarket,Email,BR
44dcd5c4-12a2-4a74-a0e5-7f22581a3078,Startup,Email,CA
c7c21826-639d-4d33-bf58-4af175b3e010,Midmarket,Google,CA
4c0da04f-0959-4fdc-9515-e906c589757e,Midmarket,Email,JP
f8cbca88-f1c8-4f9f-93cc-4ad2cd5c5bcd,SMB,Google,CA
c654904e-6011-45a7-b97b-906c123bc51c,SMB,Email,CA
e4fd34e7-e29e-4577-9266-da47e8637ecb,Startup,LinkedIn,DE
a18be55e-6977-4c1f-a1d3-dd206463a25c,Startup,LinkedIn,BR
3ce694b9-e842-4a53-8acc-ef370d097e3c,Startup,Email,IN
85c422eb-5c9e-4cf1-8ee2-ccec85bfe8cd,Midmarket,Email,CA
c73fdc23-10d6-4bf9-bfff-9ff7f44c37f3,Startup,Email,IN
ebfba48f-8d6e-460b-b9be-4ee4f5e82e5c,Startup,LinkedIn,DE
256c5164-b66a-4fb0-8213-3e2e9113fa86,Startup,Email,CA
db19845c-bb38-49c6-a6b8-7af690d6a4b0,SMB,Email,ZA
7675dab6-5fe7-4f63-ae56-8fa471803324,Midmarket,Email,JP
e485d662-585a-40e7-8fb9-2bf587dec735,Startup,Email,AU
3eea1f91-f611-49ef-a7f9-f49145065cd9,Startup,Email,ZA
9fea9f4c-75ad-4db8-8e15-80b105202d71,SMB,LinkedIn,FR
15e31bf8-ebcb-43e3-8f99-aeb05209e442,SMB,Email,US
453aad7c-d4a1-46db-8ded-d2a4f11bb71c,Startup,Email,CA
1b2eeb18-5bf6-414e-9b01-b4b00301aa76,SMB,LinkedIn,IN
fca19ea1-f18c-4c32-8b43-d738c65f45ff,Startup,LinkedIn,US
c8af4ef9-90f7-4a55-8d9c-a440d3d7d3c1,Startup,Email,GB
9253ccfe-8d82-4d8d-9ac4-c339720bacdd,SMB,Email,CA
1b636ab2-7245-4137-85fa-73040f732218,Startup,Email,FR
aaf7b46a-c32c-479a-8cca-05491ad21478,Midmarket,Microsoft,DE
3f989c00-04cc-4c80-9268-32cb2eb14139,Startup,Email,JP
f2f1204e-0028-4c66-ba08-b5133949c174,SMB,Microsoft,FR
f152bbd8-2eea-43fc-9ecd-a33cd3de9d59,SMB,Google,IN
232d4810-46ac-49b8-adbd-b4422ed0b34c,Startup,Google,DE
719437b7-2fe2-4d9c-bbc9-83c4ef3bde82,SMB,Email,AU
43583c11-3ee9-4106-a6a2-c96a3cf5ae8d,Startup,Email,DE
6746c0ac-bffd-497a-a255-f254ef760930,Enterprise,Email,CA
a60b6d3a-20b6-443f-8294-fd7e96be95d8,Startup,Email,US
120fc4f6-e895-454a-ba38-1a39a986bbe1,Startup,Google,US
c7d5c7c0-259a-4d24-bed2-85192894c9da,Startup,SSO,IN
e0e1e11e-52cf-460a-a90e-306a72a67abd,Enterprise,Google,DE
8d13083a-4f70-4a6a-adf1-5e5f31cab59e,SMB,LinkedIn,FR
4e0eb69d-7936-422d-8214-654129f985a6,SMB,Email,IN
bd06b312-6104-4ec5-8688-51e1cd43b49c,Startup,Email,JP
e7a94036-6ba4-4e81-b008-dcbfd8d92256,SMB,Email,IN
59328dab-7719-4cf1-a7a0-6b3272512827,Startup,Google,IN
f1eaa4ca-e606-40a4-8448-902628f333bc,Midmarket,Microsoft,AU
d5922c5b-aded-4431-8441-2aebbfa7b17f,Startup,Google,ZA
68f5c913-af29-40cf-b530-5a1389019619,Startup,Email,CA
0535a369-09a9-4c4c-b09a-bfe43af0f7c5,Startup,Email,AU
1a1bec0f-643e-49d8-800a-480196968dfd,SMB,Google,US
31952e34-e08a-4479-aba5-1899b1dd065c,SMB,Email,US
e5b9bdca-de23-4e68-b794-44a1259d173e,Startup,LinkedIn,GB
6e714973-9e42-4dee-9a1c-60f1db532a3d,Midmarket,LinkedIn,GB
72e948e9-82e4-459d-b01e-5d0bfcb111d7,SMB,Google,FR
f4659d8a-2323-4786-940a-3a648e54d99e,SMB,Email,US
086a5d7f-d4a0-49b9-9e4d-45df81e09dcc,Startup,Email,ZA
64174a5e-af10-48d8-9e1a-2ea44d49334f,Startup,Email,AU
21e1d0e7-2267-4a37-8209-7f8cf5cf60be,SMB,Email,JP
fc1d7652-57ff-45e0-a0df-39dd70a20ea1,Startup,Email,ZA
6105d121-d18e-4746-b6b1-c8373c42c0af,Startup,Google,GB
bb54a5cf-f9ba-489b-9716-eaedf07987ae,Midmarket,Google,DE
1c9686e8-81f4-4bbd-884c-efb5c1cee517,Enterprise,Email,ZA
b51ffe76-baed-4dd2-be59-05d5d9f228bd,Startup,Email,ZA
f5ee8ac5-cea8-449f-967b-481902058084,Startup,Email,ZA
5776e35d-7ff6-48f6-a18a-e1143138c9a2,SMB,Email,ZA
ca14dd7b-4eaf-4a8c-bf75-cd48eed9a648,Startup,LinkedIn,ZA
c6cfdf38-9351-4ab9-ad4c-b99cc5028f0a,Startup,Email,GB
a951b964-f1b8-41c5-9294-b7ee4ae31a47,Startup,Email,US
793fbff0-91ba-4928-a8e2-b4ff11fe9856,SMB,Email,IN
d96d0bf3-69c6-442b-8569-3fa944ff9813,SMB,Microsoft,ZA
1081d716-af1e-4bf1-9d4f-2e005212af9e,Startup,Google,ZA
c5c0c453-e638-4eae-a972-e52b55a41666,Startup,Email,CA
db275986-675e-400b-a33c-fd39f1758a93,Startup,Google,US
72265d3e-83d7-43fd-ae68-dd8b58331ac7,SMB,LinkedIn,IN
e7d40824-29cd-430c-a896-de43af1cccb0,Startup,SSO,JP
2e1da9f1-5a2e-4d62-8278-4b3a40febf4b,Startup,Email,JP
da1a4819-56fc-48eb-9e6f-2dd5b91130c7,Midmarket,Microsoft,DE
e4c7c474-cace-46af-8133-4fa4c7fbabf1,Startup,Microsoft,BR
ea75b1c3-69c4-489b-b397-a05a72595f72,SMB,Microsoft,AU
81ec6ca6-5e87-4b44-8e35-4be95a67b7c1,Startup,Google,CA
fc4823fd-df55-4a18-b644-4104a1e23d69,Startup,Google,US
6a14ed01-bca5-4e24-8691-f8bee9188790,Startup,Email,US
cce5ac35-23fe-4212-b2f0-b30b6a0684e2,SMB,LinkedIn,BR
3ca80903-7306-4682-ab60-9ffaf67a9bc1,Midmarket,Google,DE
e88afceb-eb31-4e56-92c1-2a40a50daa79,Midmarket,Google,FR
926c9764-7703-4c6b-b1b9-d04e80c7154e,Startup,Email,GB
54a8ad94-105a-4e5b-a224-8ac8ae5f115c,SMB,LinkedIn,DE
85dda853-abb9-47ea-9067-7f67c34f0e58,Startup,LinkedIn,IN
aa63871e-4503-4446-a884-5f7f0b19a769,Startup,Email,DE
57bf0fcc-9522-4c7d-9716-ef72897091f5,Midmarket,LinkedIn,BR
7011d85f-60a1-43f3-a043-ff9fcb4ff53e,Startup,Google,BR
f7b2727b-1152-4151-9c02-7713e1ac8848,Startup,LinkedIn,AU
607959f9-74c9-4bde-a140-3526a0b5a632,Startup,Email,CA
57259b59-4f79-4670-bd01-56bc011fd73b,Startup,Email,ZA
b22b0ee0-3046-41aa-95ff-89ba837aa7b6,Startup,Microsoft,JP
9f767df8-f886-483f-825c-0cea9f7bf9c9,SMB,Email,BR
324aea33-16e7-465f-b9cd-44756aa7e0a9,Startup,LinkedIn,AU
ad12d0b1-5f5b-4460-ac0a-94fcd07d7dce,Midmarket,Email,GB
71d33c45-c2a1-4b78-ab4a-96c04c86dc29,Midmarket,Google,JP
88ab32af-d868-4a4f-867c-403718c91627,Startup,Email,FR
d97f1a55-9c09-4c13-927a-0b7fb46f3f31,Startup,Google,US
48007307-25ad-49a9-93a5-e87cf1a5df97,Startup,Email,GB
9b61b7ce-2947-4b39-aa22-23f9bafb4fa1,SMB,Email,FR
a84aa285-4026-4e09-8b0d-c2ece68b28f3,Startup,Email,JP
d89df0e3-9137-42fa-b2d3-8ea421dc2023,SMB,Email,GB
679365fd-dcb9-4539-ae02-e6e5e7616033,Startup,SSO,AU
9b55e292-68b0-4b44-92cb-473c40a34cad,SMB,SSO,FR
1c0b71e9-81c3-4a96-a6be-77d9fa76a62b,Startup,Email,US
68daea89-8a57-47ec-ae77-74133ff18979,Startup,LinkedIn,ZA
dbd4cbf4-c843-4435-83ba-ed7f69637788,Enterprise,Email,AU
20ae4d54-4c2b-4a0d-bf34-ced400a61696,Midmarket,Google,IN
7613155b-3b7e-4511-a14d-936f4c832ecd,Startup,LinkedIn,US
c270e19c-977d-4102-8b71-7da1637e4711,Midmarket,Microsoft,CA
673e63aa-459b-4eb9-90dd-1c5bee6ac1b0,SMB,Email,DE
f14a282e-6513-4a17-8f17-695396a39ced,Midmarket,LinkedIn,CA
02ef7aa0-92dd-4817-98b7-79cb82281b6b,Midmarket,Email,BR
e0a1a484-d7b4-4d17-ad73-f6ac9ba3b1e4,Startup,SSO,ZA
a8b13545-7adc-4ab9-909d-58409699cc60,Startup,Email,IN
01ea4318-ca82-4481-b543-e957ef9ace75,Startup,Google,IN
b93e6e5e-f2d7-4237-b576-cb774af1e3ca,SMB,Google,DE
3ae9fca0-33fc-4a60-b03e-a2c96f6d9fe9,SMB,Google,FR
ceedc771-684d-4960-8827-bbbc599933c8,Startup,Email,DE
640571c6-c5b3-4cd5-917e-95a628a8ebc0,Startup,Microsoft,BR
887cb9b2-64ae-46d5-88bb-38758f0e0413,Midmarket,Email,CA
1c43992d-8b76-4826-a458-a6664511410f,Enterprise,Google,IN
53752c15-31ce-4c72-89b4-0c0dbe69bc2e,SMB,Email,CA
913a0b20-fc22-4841-885b-b5a835d7fbd3,Startup,Email,US
704cee10-f976-4444-b4dc-9f99e662e015,Startup,Google,ZA
2aebf687-42a5-4ff4-9de3-41a341e7beb3,Startup,Email,GB
11a058e8-fb1d-42f3-9d7a-06ae04b58151,Midmarket,Email,BR
af079fe4-a1df-4f88-ae00-1e088d984a24,Startup,Email,GB
0ca236a7-7612-416b-9b61-290cddb9cf77,SMB,Email,BR
1ba3e03c-6e68-463f-affe-173098e72ca5,Startup,LinkedIn,JP
6d12c8c6-a4ec-4ae6-a082-5c5d4616cd67,SMB,Microsoft,ZA
f62bbb89-63be-4074-bb3a-234cde5a3292,SMB,Email,US
db9d1d18-94e9-4c4a-80d8-c046130abe74,Midmarket,Email,ZA
6342e1b6-0171-43f6-a3f3-fe9406cdb8eb,Startup,Email,FR
57bf231a-e776-4252-a6bd-903dc1d236e7,Startup,Email,BR
60d2cdc8-59c3-46c1-8516-999049717b13,Startup,Google,GB
78eecc1d-fa4b-42e0-bb93-fcb7bd26f2e5,Midmarket,Google,BR
35fd3b4c-5aaa-4b44-8444-5f371917e10e,Midmarket,Email,FR
a8dc85e2-477d-4a2d-adf2-754d41572dc0,SMB,Email,BR
3fe24fe6-0a1c-46f4-b746-58776b1c4b80,SMB,Email,ZA
f8ddbb50-54bf-449e-9896-b1c8bd2a15d5,SMB,LinkedIn,AU
77d27480-6c4d-458c-8192-0405eb846b74,Startup,SSO,BR
bc17d6fd-580d-4db9-b182-baf459c7b71f,Midmarket,Email,JP
04d80192-c1d3-46f7-b713-d76e946dc98e,Startup,Email,JP
9d4ebbe6-3ab8-463d-b5b9-0941974cd815,Startup,Microsoft,IN
61dacd67-5c6f-40c7-a7f5-470c6ca6ef9b,SMB,Microsoft,JP
b590f6a0-5ab8-4d1a-9a1d-897a85d3957f,Startup,Email,BR
8aa30a94-1836-43f1-b4f1-9165ba665e06,Startup,Email,BR
af3dc3f0-3329-4444-a75f-e34e9f505669,SMB,Email,AU
6a2ff89b-2345-486c-b151-8289c49fa7e3,Startup,Google,JP
cfa937ea-9187-4270-a809-0559e7826419,SMB,Email,CA
08c3f922-523d-4a81-a7b9-0bf195811de5,Startup,Email,BR
9acf3737-3b05-4499-8474-8d4e7a0eae54,Startup,Google,US
924db3ea-ac5f-41ab-848c-3347724d06e2,Startup,Email,US
e411a97e-ec3a-4eee-a1df-ae14a215cc5e,Startup,LinkedIn,GB
48e3c4b8-26cd-4526-99bf-e9a911ade5b7,SMB,Email,AU
49430dbe-7ac3-4117-9842-385c49dca263,Startup,Email,FR
132d5a68-afef-489c-9bc8-da9c593b212c,SMB,Google,CA
94b0dbc9-e21c-4a61-ad73-4748053ef80c,SMB,Email,BR
c5fca87e-a5b4-4dd2-9ac0-9fabdae2053c,SMB,SSO,ZA
2930c3fa-fef4-4d27-93d2-b863e1b8a1f9,Enterprise,Google,DE
efa3de8d-23fa-4f71-be16-f63b2fe5a616,SMB,Email,DE
28f9eb4c-4d05-445b-8786-4670e214d0ad,Startup,LinkedIn,FR
ccea13f3-c739-4218-8fb7-c3208971952e,Startup,Email,IN
aa9e9b1b-62d8-4540-a4d2-d0d23ece0c21,Startup,Microsoft,ZA
eff58c0a-1685-4833-a5ce-72d6ab83ab76,SMB,Email,DE
d8405960-c464-4fef-9e0a-88f0b2b15e9c,Startup,Google,FR
95e843de-31e2-402c-8217-c4bb4ef21b55,SMB,Email,DE
715db3fd-dc24-47e3-9571-4ad312e4f9fa,SMB,Email,AU
78f71ada-4ea0-4137-a669-8ebeb8f72c77,Startup,LinkedIn,GB
06beab88-f9f3-4985-9536-58330deca8d3,Midmarket,LinkedIn,IN
aab79df2-6e91-43ac-b6d2-13cb1f1fdb6d,Startup,Email,AU
847fea35-0d47-40e6-826d-8106b64babab,Startup,Email,ZA
7cfe8624-c583-45e3-8d55-397e35594fe6,SMB,LinkedIn,FR
736d7d11-8d3d-4b5c-9728-6ed40a0ae226,SMB,Microsoft,CA
7477042c-5b01-45da-b671-33d66813c3d7,SMB,Email,ZA
902674a4-73d3-4353-bd1b-a0afd2da7077,Startup,Email,ZA
ffd0046c-cf24-48e0-a9eb-2ca5fc9a9789,Startup,Email,JP
fa069593-7ef2-4b68-8897-17ea17707db6,Midmarket,Microsoft,CA
96df32f3-5ca6-4354-850b-923c9ede0313,Midmarket,Email,US
20bae9c5-5e59-464d-9de4-7a2a79e54933,SMB,Email,JP
ab1ff14e-6df0-43d4-8343-78686965b70a,Startup,LinkedIn,FR
396a2035-f1e9-457d-b4b5-5069e8cb6b81,SMB,Email,US
f73bbc92-dd31-4c7c-9185-922a63efddca,Startup,Email,DE
f65070b8-3237-4a6e-ad69-190637b816a8,Startup,Email,DE
d8cb9f08-d540-4472-9f1a-e3e080848123,Midmarket,Email,ZA
31786c64-1117-43f8-93a7-7e37097da58b,Startup,Email,JP
97d7f58e-8bdd-46d6-8f38-3f04c984e3b4,Enterprise,Google,BR
233f02cb-d4b8-479a-9bce-01237002fca2,Startup,Email,CA
1f094313-b1ab-4c80-aaf3-cc0c56530a80,Startup,Google,US
3dc535dd-4f7f-428a-9a68-eb47848ad8d1,SMB,LinkedIn,CA
2bbf55aa-bf70-4f73-bf7b-46f0d55fe8d3,Midmarket,LinkedIn,JP
3dcf2260-f5d1-4d9b-9887-bec59e0b9a03,SMB,Email,ZA
1f628636-e43f-465f-8413-2964ef2313ca,Midmarket,Email,AU
8e67acea-3a17-4fb9-9404-5b9634f0ddb1,SMB,Email,DE
23ef1ec5-fea9-4a96-9a59-126fc461b281,SMB,Email,US
30f17573-2a11-4374-abf6-fcbaee5f1b2f,Midmarket,Email,US
ead042a8-5318-40db-ade9-aad95cb57864,Startup,Google,FR
52cb5f17-7426-416c-a5cd-2a3e230cd471,SMB,Email,US
ab4efd63-b009-44a5-a181-b4ffb9cc79da,Startup,Email,JP
96850dd2-6a44-4f6b-a14c-7a128459689a,Enterprise,Email,US
9ad44762-50fd-4098-81b0-8325cdbbf369,Enterprise,Google,US
7af8c229-dcd2-4268-adad-911cbc3a753e,Startup,Email,CA
23bec31c-14d9-4ed3-b23b-45d708c338f5,SMB,Google,ZA
7e5bf81f-56f1-439b-9485-fc2d2db717df,Midmarket,Email,GB
903eec3f-3feb-423b-b0df-7c063d0ceb61,Startup,Microsoft,US
d15de122-1d17-4bbc-b3b9-a2889dc7f02a,SMB,Microsoft,BR
40f1ce2a-0448-44d2-8852-3f6b51589077,Midmarket,Email,ZA
c5b734f4-1de2-4fd1-83c4-f1be50194376,Startup,Email,IN
f119d991-aa9f-4307-9f98-093054243002,SMB,Email,FR
4decfea4-56e2-4b4e-afa5-b982834409fb,Startup,Email,CA
fb5bf515-2610-4814-8d08-0b6dd74873c4,Midmarket,Google,FR
e661ed1d-bccc-404a-8d34-224321b341a7,Enterprise,LinkedIn,AU
6cf2caa5-a78f-4700-868b-f83f9ee4c328,Enterprise,Google,US
2265eefa-61ef-477e-afa8-b024d53a333a,SMB,LinkedIn,DE
204e0f9c-c50c-4f37-8752-cac6f59a29da,Midmarket,Email,BR
6eba4c86-13d6-4bab-8672-4eb0ea067499,Midmarket,Email,CA
4a49d94b-d903-44b6-a7c7-402ee07760f8,Startup,LinkedIn,FR
78e06cfc-2fe6-44e3-ac7e-61c34826faf4,Midmarket,Email,US
64ef37f6-944c-43e4-b639-99ab2bf6c082,Startup,Google,DE
df14874a-50f1-4424-a720-594216122965,SMB,Email,DE
f8573215-e8cc-4690-ad41-1ccc3b60a99d,Startup,Email,AU
09c9bc06-92ee-40d1-bfa8-79d5ee14c399,Startup,SSO,ZA
7ae6a35e-227d-43f4-940e-066ef4ecaf69,Startup,Email,BR
6c0f0ca7-1b60-422d-bce6-20fd89de197b,SMB,SSO,GB
329b4d00-690d-438e-aa9b-36ebf53d88f2,Startup,SSO,BR
5398647c-a019-41fa-8754-7f87d971d630,SMB,LinkedIn,AU
8dc7f561-2ee7-487f-aafd-49709c8c09ee,Startup,Google,JP
c33eec3e-fedc-4453-96ab-0d5f1652ba70,Startup,Google,ZA
38c0750e-1912-42a8-8a06-729c9e91329e,SMB,Microsoft,CA
4b0f2a95-16a9-461a-9ec6-41758d6eee84,Midmarket,Email,ZA
c91bba70-3d30-4ea9-bfa7-8e0f0bb35f24,Startup,Email,AU
b2bf06a6-2db6-4172-8a46-73f0d1ef724a,SMB,Google,AU
ff41bc14-a061-4f02-ab6a-0adb560eb160,Midmarket,Email,CA
ae81243b-db4c-42c0-87f8-0e58ce4a5009,SMB,Email,CA
b41e6f4c-af57-4e41-b696-454732a03b7c,Startup,Email,CA
490fc814-b30c-459a-a7ff-f063fc447337,Startup,Google,ZA
dbd37cd8-5f6f-4514-9612-b7db412d3b29,Midmarket,Microsoft,US
fa06e297-38f3-44c3-a5b9-a9d3323a476f,Startup,Email,FR
cba2685c-cf61-4c68-99e8-be529a08ffef,Midmarket,Microsoft,IN
cb75b28c-01f6-4cb3-9351-452f76616bec,SMB,Google,CA
53ab7135-742d-422d-a66f-547b637e7dac,Enterprise,LinkedIn,FR
aedce39c-b5c6-419a-bc4e-cfebeed15240,Midmarket,Google,IN
4cb56760-288b-49bc-b9a6-8db08ac80722,Enterprise,LinkedIn,ZA
67271ba4-316e-4b62-bde5-a09acd6afe10,Startup,Email,FR
ae618232-55ed-4305-a5c5-99b33c214be3,Midmarket,LinkedIn,CA
8208178c-268d-4e3a-a176-bbe09a5431db,Startup,Email,GB
6792dbe2-2510-4a5d-aeaa-90e2b8140cfa,SMB,Microsoft,AU
4f758615-5a18-48d8-9bee-d8db97dda2ee,SMB,SSO,FR
bf2bf760-46e5-42f3-8b4b-b24e203a3c69,Midmarket,Email,DE
999e0427-90e3-4025-a167-3b52a6c923ad,Enterprise,Email,DE
5e183955-2a12-49af-b469-cdce3047300f,Midmarket,LinkedIn,FR
dc3f436b-771b-42fa-b335-67d26147647c,Startup,Email,CA
7ab528d2-038c-4f29-9513-4d7cc369992d,Startup,Microsoft,BR
93b42d10-8c06-4f17-ac21-0abddcb380cc,SMB,Email,CA
1a8278a8-9581-4687-ba8a-e73af34a4f67,Startup,Email,ZA
40b0588a-baa4-4892-b437-2fe320f1803d,Startup,SSO,CA
067135ae-0f5d-4c8f-b73a-d6af1c1e5507,Startup,Google,ZA
e14f1828-759b-46fd-9a5b-5bb3a51295ff,Startup,LinkedIn,BR
49b09c3b-be33-40f8-959a-b08ed3217ef8,Startup,Email,GB
48d119cd-6e4b-43d4-a174-ba02e92c9ce0,Startup,Google,ZA
808cd3a0-ed74-4c02-b35e-f40ce4c2d332,Startup,Google,JP
0f79d21a-2d61-48e1-8573-56cfae038c70,Startup,Google,DE
792d8895-c550-4e17-88e1-fb82609077c7,Enterprise,Google,AU
e2dae4e8-5b80-4c10-889b-a6c8a5db8497,Startup,Google,DE
2deb5be4-bc20-4758-baf6-0c731ee4e141,Startup,Email,ZA
6bae9e23-1005-45a4-862a-3f4ca2fdab5f,SMB,Email,JP
9fe1f117-165b-4a3e-b800-10d6eac90812,Startup,LinkedIn,US
0bcbc1bf-4b7d-4598-9df3-4df5c7b8f7b2,Enterprise,Email,GB
b6e34c4a-862a-4259-8a60-851c389c4098,Midmarket,Google,GB
082b3a77-d4b8-4343-a407-892cfa8e78cd,Startup,Email,US
0c0067ce-30d7-462e-b681-f4bcf5e85577,Startup,Google,AU
304b59da-57ca-437c-9e32-8b70e1864daf,Midmarket,LinkedIn,BR
4b5d642c-022d-4f67-b6da-792e6abe0b60,Enterprise,Email,IN
87ad142a-3d77-4e61-8e41-2c1fa3cc35ff,SMB,Email,JP
635a6008-740e-4f2d-971e-f508b6d2b69d,SMB,Email,ZA
d545541c-87d2-4baf-81d4-0cfdd6b20064,Startup,Google,IN
4041138f-f915-49dd-988c-3f86282a6938,Enterprise,LinkedIn,AU
2d3e2180-ec40-4e3d-adbb-1f8d770ed826,Startup,Email,BR
354eb287-1b08-43c8-a5e8-13bd9250e4f4,Enterprise,LinkedIn,GB
52681d3a-4fa0-47ce-b3e7-63978c3950b4,SMB,Email,ZA
7f4a7751-8b42-4363-9125-a2529b747bfd,SMB,Email,ZA
5678449a-bd61-40be-b60b-121c4a926211,SMB,Microsoft,BR
a87edc9e-f33d-4a4e-a084-4aab1df3f6a3,Startup,Email,DE
a309e221-307f-4108-a9aa-a35290ed7857,Startup,Email,JP
71585f9d-32f5-436f-b8f3-4a4a84b7167f,Startup,Email,BR
2e555081-121e-43b1-83c6-8dfa9d5dbd7d,Startup,Email,CA
9fe90ae9-4c7d-4dc1-8407-277592a91c2f,Midmarket,Email,CA
61a7d6f4-6925-4f09-8642-30cd616808cd,Startup,Email,BR
ce9c4584-66e5-4683-8e76-d0d786985eba,Startup,Google,GB
b42e5ebe-c133-45b2-aa21-29952c6a9b52,Enterprise,Email,BR
89b0126e-6565-413c-95a6-f82b0163ab9d,Midmarket,Google,FR
3ab814a4-310f-4bd2-8b9c-e5ca2724718b,Midmarket,Email,AU
cd21c3a0-8aa5-4f27-b892-c00a218ed76c,Enterprise,Email,CA
846ae6d1-afb2-436a-ba08-c87d79fa5a30,Startup,Google,IN
20e51c92-9cbd-4bff-8816-834a2df3e092,Startup,SSO,BR
2296135b-8eb5-426a-96b2-c684c32a8254,Midmarket,Email,CA
83eb19f7-1503-4cab-a2af-b6ea059787a7,SMB,Microsoft,AU
fcf8a5c0-ae26-4eaa-a15d-c62cf6a4f34a,Startup,Google,AU
8fb2dc56-6881-4b59-ad70-197fa70d0cee,Midmarket,Google,IN
0e6a4d40-c695-46f2-821e-d6d914bcd868,Startup,Google,ZA
6530a762-756e-41fe-abdc-cb2032291851,Startup,Email,FR
e505c6c9-1faa-42a2-9f96-79418353c7e1,SMB,Email,BR
721e9eaf-b541-4609-a0bc-050151af98f3,SMB,Google,US
969c8d95-6b6b-4103-b6ef-2b656c937160,SMB,Email,BR
03da9364-63de-4837-b308-f2cb23491cdc,Startup,Microsoft,ZA
cdbd713b-9aff-4c15-b72d-cc80b3116f35,Midmarket,Email,JP
da854714-3401-4649-8429-16d9817972d3,Startup,Email,DE
7ae006a4-f6c6-4aa0-9a19-51c8bcb26058,Startup,LinkedIn,GB
d4377a57-e92d-49d3-820c-faa8d87a5533,Midmarket,Email,ZA
cef7d4fa-07d9-4334-b596-35165004b7c8,Enterprise,Google,AU
f616c673-e14d-4aee-8b7f-1dc34235a75b,Midmarket,Google,US
2eac409b-284f-4725-872b-bc3eac28dcb4,Midmarket,Microsoft,GB
ea6364f9-f5cb-470c-988a-686af7a078b1,SMB,LinkedIn,CA
66d2ddcd-b7a5-4aa0-87ad-db094c14536e,SMB,Google,BR
aa25bcfb-491c-4bb5-a91c-864315daa557,Startup,Google,GB
1d9d2efb-f86f-4917-8535-33f495bcfb0c,Startup,Microsoft,CA
f4657e46-f336-498f-aee0-94b019b8856e,Startup,Email,DE
e648cc12-4c1b-49f5-bb82-f6b27129ab19,Startup,Email,CA
5e031d2a-103b-40a7-8c37-41964a39943b,SMB,Email,US
fc58e2f5-6e68-4dd3-aff4-928cd5dc1cf7,SMB,Email,AU
99a07588-8cfa-4c12-bea4-471042cfc8cf,Startup,Google,ZA
8f2ebc1f-e0dd-4311-bee2-305a0e8ad71c,Startup,Google,IN
3f46e659-397b-40c4-856b-fbd5dfd4c6ac,SMB,Google,ZA
b99cacd7-f482-41d3-889e-80332ccbfbe3,Startup,Email,ZA
a9ef8c59-02ce-4d04-ad58-b09eae7906cc,Midmarket,LinkedIn,CA
72c39c0b-7947-4370-abe0-2bde45b3309e,SMB,Email,BR
7d71980d-c31a-439d-9b4d-09f3132e5350,SMB,Google,GB
a906d2d7-afc5-422a-b116-4f0ccb258312,SMB,Google,IN
59ad8bbf-475d-491b-bdd3-2b7b5555c135,Midmarket,Email,IN
8084504d-c48b-47bc-80cd-8f16d18efdbd,Startup,Email,GB
fb9842a6-f19f-4c37-ada3-c759a533b166,SMB,Email,GB
4aa3afbe-2ff8-4236-a824-9e340f8e99d1,SMB,LinkedIn,AU
e7c87e75-fc04-42c9-835a-4759265b56f8,Startup,Microsoft,US
35d8f3c1-ad33-4c93-8ed9-8b44ea26d80b,Midmarket,Google,DE
fa65d095-a54f-4c77-a629-ce9002db806a,Midmarket,Email,US
f06a3880-c0cb-47d3-a7ff-6d915bc39b17,SMB,Email,GB
e572552c-98e2-4755-89f5-3f46d6770fe6,Midmarket,LinkedIn,BR
98c9d85f-09b3-4151-b87a-17a765f3ad8c,Midmarket,LinkedIn,FR
91fb5ccb-8048-44b8-8668-5aad282e2339,SMB,Email,FR
bdcf631e-714d-4544-b3ee-89cbd7aa1e07,Midmarket,Email,DE
a51cb8ff-758a-4f9c-9228-64c5d4dedf9c,SMB,LinkedIn,GB
508ab3a2-d82f-4c14-8af3-73f0b8c7e2a8,SMB,Email,FR
deff82a2-2f52-443d-94d8-70501820a5e6,SMB,Email,DE
7fcec5ee-f262-40c0-9e93-c06960546989,Midmarket,Email,IN
df94bd89-2617-4130-8c87-c3ddc3b7cee8,Startup,Google,DE
0cd9c9f5-e3d2-4fc8-a6ff-bb6fd555ddb1,Midmarket,Microsoft,IN
497bf252-9972-4b0b-bf45-b6f1fb47f8db,Midmarket,SSO,AU
e3e00172-1516-4247-b463-7183817e086f,Startup,Google,FR
167066dc-9ed0-44c9-8531-b03c7088b276,Midmarket,Google,DE
c251241f-8c7b-4dc6-bb23-bed8047800f2,Startup,Email,DE
146052aa-7fcf-4bee-a1db-f76eaa97a72f,Startup,Google,DE
1c7a7264-6049-4497-b0ab-8802f80cddaf,SMB,Email,BR
145fc10c-1fe1-4508-8ca3-10e8de99b9d6,Startup,Google,DE
a6ed5185-5f3d-4250-b7bb-8377e8586cb1,Midmarket,Email,BR
ad9d1ec5-18d3-4b12-9bfe-d306b945e6ec,Midmarket,Email,ZA
9a1fef4a-40ae-4768-afc7-acf574d61676,SMB,Email,AU
433df045-ceea-4d02-8105-49ccff690529,Startup,Email,ZA
80914b33-8b1b-4763-8025-f64b17751cf1,Startup,Email,JP
51823a21-649b-4ade-b4c5-04cb1c0db14b,SMB,Email,ZA
af6d3b0e-083c-46ea-8e60-ca12095a7fb7,Enterprise,SSO,GB
41469b32-b2aa-49c9-9f1c-babeab048847,SMB,Email,IN
0b852b40-0259-44fe-9074-23a8f720f03b,Startup,Google,GB
1169a16f-a8ba-42f1-b2eb-24f0ff4478ac,SMB,Microsoft,US
c06fd863-8afa-4587-a64a-86cfe7a2175c,SMB,SSO,ZA
6692269c-6639-46b9-953b-168fc8aa478f,Midmarket,Google,FR
05625153-8796-4d90-ab24-0ee3ab39c459,Startup,LinkedIn,CA
04899798-8c80-4146-8862-615b77413874,Midmarket,Email,ZA
06d1554b-eda8-4ed7-b08a-082aeda46572,SMB,Email,AU
13b85f8d-17d6-4700-9ff5-1833be66d6aa,Enterprise,Email,ZA
1dfbb502-f831-4b9c-9928-0fbf1d055d6e,Startup,Google,BR
0dd85512-2e8b-4895-a993-125ea3faf315,SMB,Google,US
f934551c-2ae8-4f5c-b318-c71b62b6e23f,Enterprise,Email,DE
c6a30edf-c0af-481b-b4ac-bb958f21f85e,Startup,Email,US
17a23f0d-1e34-4cb0-8b33-74833def6d54,Enterprise,Google,US
2c0556cd-539c-4741-b1c7-65705838c847,SMB,Email,IN
38550577-2bc0-49dd-8bc0-4f1cae508483,Startup,Google,CA
d66541a2-d0f1-4fdf-926c-5c43dc6970a5,Startup,Google,US
d10f681d-c86b-43c0-a1f2-20ac46a29a87,SMB,LinkedIn,IN
e6b89471-9696-4d42-a61e-5a9dc0ebaa67,Startup,LinkedIn,DE
6a587dd9-0067-4e0a-9869-6af385344869,SMB,Microsoft,GB
ff672ef4-faa7-4003-99a0-ba74f74028a2,Startup,Email,DE
e649cb0f-b5d8-42d0-b4ed-697240ac884a,SMB,LinkedIn,FR
830b84e2-cf0b-4938-8dcd-d63194782956,Startup,Google,US
e7214e0e-6eef-4b9b-b0c0-ded09f284c99,Midmarket,Email,US
ea35ddc2-5f31-4f45-8a62-157cde0f8ccd,Enterprise,Email,GB
3afd1985-4072-412a-9092-f4790d193d2b,Enterprise,Email,AU
8a4035e2-1971-4ae2-ba02-99ac1650e68b,SMB,Email,US
b549fdd1-a95d-4353-ac9b-0bb9a3088c03,Startup,Google,CA
8615deaf-5d12-4ab0-a20b-730e0509bd3f,Midmarket,LinkedIn,JP
f9d46754-7871-4fdf-9ace-a5b21742e945,Startup,Email,US
7ea2b0e7-0b80-48fb-952d-055ed37880dd,Startup,Email,JP
a188bdfd-800d-46e4-8de7-26b1f0ce87ae,Startup,SSO,DE
1c4f9591-5f18-4f4a-9d22-ad471f9cca2f,SMB,Email,ZA
12dca5b1-3219-4e34-8c74-cacf002cd02e,Midmarket,Email,AU
6b9440a4-3eb7-419a-a3ba-bd42eeac4606,SMB,Google,IN
05d164e0-2f75-4700-b7d7-0bf1042b7349,Startup,Google,BR
6c06ed19-b1ef-4739-9987-b42c2cec9db2,Startup,Email,AU
d59f8f36-8987-4a45-a483-556b1e8b1b91,Enterprise,Email,BR
106f91d0-da4e-4f3c-9b10-bddd02a44c49,Startup,Email,DE
f134f764-9d6a-4f78-9969-c66fec60d14f,SMB,Google,AU
8e4352fb-7833-4d0d-b446-2abf4f292ce6,Startup,Google,IN
1d32e317-73d1-4c9f-8d5d-fc6e882e2320,Midmarket,Email,BR
809d41e1-afe1-41b8-a6f1-f60541975258,SMB,Google,GB
e92de4c1-04d1-4bdc-8686-0b10f008f232,Startup,LinkedIn,CA
cd2ce899-bab7-43f2-b093-5f4aba5bbf43,Startup,Email,AU
c19caa04-9937-442d-9f2c-abf86f5a73e3,SMB,Email,DE
ed20f4dd-06ac-43c0-8e35-3949931a59bc,SMB,Google,US
bef7452a-a9ee-4efb-9a7a-f554210e3f14,Startup,Email,IN
3ec7f778-1de2-41b4-86cd-0a53542bfc77,Enterprise,Email,BR
d3d7c381-9e35-4f61-bf8a-83d04096f67f,Startup,Google,BR
0290f910-8ba9-4099-a99c-3fcb82708ec9,Startup,Microsoft,CA
af410993-0eae-4bda-bd62-10ea4f8393a7,Enterprise,LinkedIn,BR
4db9ae49-79fc-4462-b206-986e03f0a208,Startup,Google,JP
15646024-a546-4526-a466-bbe5f73c6ed9,SMB,LinkedIn,FR
f4d3d0e9-ef3e-4233-8712-cb92ede72286,Startup,Email,JP
b6c925d2-5dc4-408c-946d-93401a024b95,Startup,Google,BR
b60ef5b4-8673-4848-90cb-a6b80c19a221,Enterprise,Email,IN
de85402a-7efb-4d3f-bfa9-125c5fc6b0c8,Startup,Email,AU
8823ebc5-d7d9-47f1-b524-830914dd5796,Midmarket,LinkedIn,DE
bcdc4eff-2efb-4524-9e64-ce3e19e0108c,Startup,Google,US
30ccc066-c177-45ea-bb43-048873c0834a,Startup,Email,AU
546d4adc-3742-45c5-8122-26eda9d53f57,Startup,Microsoft,GB
89a071e2-6954-4da0-9a9e-604f085b24d7,SMB,Email,AU
4c02b2cd-eec5-4ded-9647-e5949a29e0cd,Startup,Email,AU
dbf8f57a-294c-42d5-9859-be8255ab03a0,Midmarket,Email,DE
136d9efb-1332-4ed1-820c-7d49bdd81ca7,SMB,LinkedIn,CA
8b4f6716-a405-4dd3-9903-f75462c85580,Enterprise,LinkedIn,BR
ef089877-6c5d-4797-90a7-0dd9361d7ec3,Startup,Email,CA
6fc48fe1-3671-4439-8cd5-1025f7d1f865,Midmarket,Google,GB
aca3b99a-b055-49c2-9406-95e6f5e755c0,Midmarket,Email,ZA
7a467f75-0a77-44de-a4fa-4a948c653cf1,Midmarket,LinkedIn,US
0499d328-e6ae-4581-b834-b90fe880882c,Midmarket,Email,JP
8a7f5e92-018f-4a47-9fc1-3658e132dd7b,Midmarket,Email,US
3b25289f-2d86-4eb4-8fd0-2bc1da51ccfd,SMB,Microsoft,BR
51048e08-d3a8-4717-aea7-e87658650a6a,Startup,Email,US
ac9c2493-9429-414c-ab37-f9b9ba36bba0,Startup,Email,FR
5cb43745-0a0f-414d-99bd-792c2c18556b,Midmarket,Google,JP
8517c142-4add-4f51-a1eb-8dea92524ac7,SMB,SSO,GB
931d9fb9-1171-4888-8d76-f7fb52509451,Midmarket,Email,BR
fcbf9b55-e542-4588-9954-eaad812908dd,SMB,Email,IN
87c35f2b-1a6a-4530-b74c-4bd338f3be2e,Startup,Email,GB
e3f14eda-dd08-4887-bddb-89e4e6e4f551,Startup,Google,FR
1e1e3c5a-f2c0-4c8a-91ac-82fb9f1449a2,SMB,Email,JP
a4cc2235-839b-40d3-86c3-c7ae88bed8ed,Startup,Google,DE
70032d10-73d8-4aed-af69-39c359cfc280,Startup,SSO,FR
727074ab-f5b7-46dd-bee9-28788091622f,SMB,Email,GB
a82f67e0-b34c-4d73-a847-3be954786d77,Startup,Email,BR
15e2b0a2-1923-41cb-bc93-8ab7f05dcb9d,SMB,Email,ZA
16272eaf-7c87-4f83-a83c-fbaf71c29266,Startup,Email,BR
de89beb9-df35-4323-8922-9f07297be6ee,Midmarket,Microsoft,JP
ea73eeb7-3c51-49ce-a871-5ac616111878,Startup,Email,ZA
e5af6d80-8528-4b74-9cbc-483bb95b8a6e,SMB,Email,CA
a37314ad-4228-4d91-bdb9-eacf4032d168,Startup,Google,JP
5b8b244e-24b2-4a82-a38b-4cb89ed0b34d,Startup,Email,JP
34915ea7-3880-472c-b274-5d0c666b7400,Startup,Google,FR
aa185e7c-712b-4f25-a2c6-ea3c22ead50c,SMB,Email,BR
6625b87f-7150-44a3-a37e-cfefc34d1084,SMB,LinkedIn,GB
f567de3e-57cb-4b5d-964e-8c3615263cb5,Startup,Microsoft,DE
d8d20562-209d-4568-b3e0-e036e4d74452,SMB,Google,US
8e7ab360-ff22-43de-b0f2-4fd07d7b4608,Midmarket,SSO,AU
0bef6e96-ce1c-4044-a29e-422fcf20563d,Midmarket,Email,DE
0040156a-36ef-4243-9ab5-bb6e01f20e3e,Startup,Email,US
8a4bf01b-87eb-4e03-ad0d-f4c7cd54484f,SMB,Google,CA
64b276ad-8057-468e-9e6b-f239dc60fffb,Startup,Google,GB
4829fad3-11ad-4898-83eb-a4ff4c1e9518,Startup,Email,BR
2e4696e9-3855-44bf-8c46-e43cf0d00f2d,Enterprise,Email,IN
43b67dae-0a1b-4589-8611-403f09b244d0,Startup,Email,JP
f5c83e90-1d47-4234-bb59-7fbef59e8331,SMB,Email,DE
c52d5e03-a965-4a23-a084-a0ef3f2ada15,SMB,Email,US
2561221e-f77c-4e84-b489-d192f79a6cf8,SMB,LinkedIn,IN
395b4058-0f12-4100-a986-766f4c5c13a0,SMB,Email,DE
70f650a8-4322-4cdb-9f3f-69fc79a45923,Startup,Email,GB
2c6ed01c-22b6-44a2-9b87-bb3d9b378712,Startup,Google,BR
ecdf5214-fd22-4dbf-8527-046dc46b3670,SMB,Google,ZA
ae96d88d-a37e-4281-a346-9044f74685ea,Startup,Microsoft,DE
b530ca86-495d-4dab-a5ed-3018487761ec,Startup,Google,DE
cbdf3fdb-66b3-4cdd-9c25-f7057e9f3b55,Startup,Email,BR
621b0148-09c4-44ce-8f52-b2707f5fa7b7,Startup,LinkedIn,CA
3235132d-8cd3-4d7e-97be-837ed344def3,Startup,Google,FR
b8532a7a-78e5-45a2-ba4c-ce96977c373d,Startup,Email,DE
3d1920bc-ff82-40f5-8965-3f1efc662fb1,SMB,Google,BR
12b35870-1dc2-4d20-9be2-8de76b7f1611,SMB,Microsoft,FR
f716fcda-d3e9-4932-b5ec-4742d5a8af30,Midmarket,Email,BR
2f105ff9-d30b-48cc-8cb9-c7d1cb9f675e,Startup,Email,BR
b2d9f848-f9c9-462d-b677-813297978fd2,Startup,Email,CA
dd0b4e27-bf97-4ac3-b17e-2e7c201f488c,Startup,Email,BR
75db964e-7ee2-4663-811e-71b83d795de1,SMB,Email,GB
d1767066-886f-4dbd-9b3e-6921aa4ad32f,SMB,Google,DE
27766862-3f93-4aa0-b5a6-97a734ff3d73,Startup,Email,US
52a91bad-89c4-4ce7-bcc3-933b076c15c3,Enterprise,Microsoft,US
1a4785d1-8b24-4299-bc3f-b40187b896d6,Startup,LinkedIn,US
3844ef88-68c5-46b5-a3da-fdf20716bce4,SMB,Google,BR
187dbe0a-dbbb-4362-bdd1-6ac44004cc61,SMB,LinkedIn,IN
d214d786-ac64-484e-93fc-06a60f261416,Midmarket,Email,FR
73b905d4-9055-4508-9bb1-d1dfdf073f43,SMB,Email,FR
769c48a5-feee-4efa-a13f-2899d9ba2919,Midmarket,Google,BR
730e4edd-24b2-4cc3-acf5-4653139e04b1,Startup,LinkedIn,GB
a33a1918-2f81-43b2-bb8a-3d87c13b72a1,Midmarket,LinkedIn,GB
131b376f-f23b-4566-a423-197989710ab4,Startup,Email,JP
f3ce1873-5cc9-41e8-8b6f-08cd917c3869,Midmarket,Microsoft,BR
5bf9da36-3eba-4dd7-a0b8-7c48769ae38f,SMB,Email,AU
875d5510-6935-4efc-8f2b-a6069582d211,Midmarket,Microsoft,CA
ce4153e1-e3e3-4480-b466-508bbb699588,SMB,SSO,US
37a16d01-893a-46a9-9e0f-2d220c808055,SMB,Email,CA
9ecfd053-0055-4126-a356-03a854270422,SMB,LinkedIn,US
c9ea788f-8af8-4654-8ab3-8c2b7d0122e8,SMB,Email,ZA
3889de41-66d5-47f7-b267-b739d5792b9d,Startup,Email,ZA
67a6b3a0-3b0d-499c-8f56-620d938c962d,Startup,Google,BR
98f01082-eb6c-48fd-8aec-95fd12ca670f,Startup,Google,ZA
136d793c-bd5a-42b8-8fe3-d1ec227df37b,Startup,Microsoft,IN
5e4dda21-0caa-469e-9d38-f3f3e077afb2,Midmarket,Google,JP
d8306a03-2c9a-484a-9b88-01c6a6a13ff2,Startup,Email,GB
b9fccbbe-fb51-4fa2-b447-c86bb9e8dc38,Enterprise,LinkedIn,IN
db08c41a-d92a-47f7-9644-eef4f41c0196,Startup,SSO,CA
93c83f25-9c3c-4308-a2ad-d6b175c591e0,Startup,Email,CA
8f37df11-3ede-4482-a592-cf19d80523c3,Midmarket,SSO,ZA
6379925b-eab4-426b-b630-66a2f04a7502,SMB,Email,GB
92557429-4a98-4712-aca7-b797971eec9c,SMB,LinkedIn,JP
a33a698e-36c9-4712-88e2-c926110a2d24,SMB,Email,US
168cbed2-2dc2-41c5-bb22-56ed34082521,SMB,Email,IN
6a42bb4d-43ea-49ae-9e34-734d465e1594,Startup,Email,JP
2141c09b-c958-424a-82e1-57317239ba1e,Enterprise,Google,DE
aa2e67fa-43c9-4f1e-a64c-638a4eb79de1,Enterprise,Email,FR
3ad475f3-2534-46f8-9fd2-df65b3d4474a,SMB,Email,ZA
e4eb6832-4356-4646-afb6-cffb21475217,Startup,Google,US
9cbd4304-64e2-4707-9ff6-2c0621a02c55,SMB,Microsoft,DE
31c1550e-d703-49fd-ae63-d9d1dc198e62,Startup,Email,US
5f73d8dd-77cf-4215-ac2f-8abc4082a1c9,Startup,Email,US
89091b4a-7478-43f0-9d4c-1e1101abe5cf,Startup,Email,ZA
745d4519-4c83-495c-9ca3-83f91140de22,SMB,Email,US
a18e775a-d5f6-43b8-811a-47abc7d9055b,Midmarket,LinkedIn,JP
efa1734f-88f6-4c24-939f-ae6f2e1a09ac,SMB,LinkedIn,JP
ff353768-9446-4406-9c57-1dd8a76af59c,SMB,Google,DE
bb0abb85-8618-424c-a952-6348b9fd1b52,Startup,Email,CA
955a67af-5b97-494d-a0db-7e736681d509,Startup,LinkedIn,GB
6c0f8a91-e058-45d1-b291-9c6e0fb00b49,Startup,Google,IN
960a415a-7779-4866-946c-39556e246dcb,Enterprise,LinkedIn,IN
ff492538-abb7-4c50-a692-2dab19139967,Startup,Google,AU
6f7ac0ed-9b96-4029-ae99-300bc2ebe4cd,Midmarket,LinkedIn,ZA
bbe4222e-dc70-4929-8389-6073b18c072a,SMB,Google,BR
d7003981-14f4-462e-9206-39c22939bc43,Startup,Email,BR
005a54d2-2574-4ff7-8392-e0e9110420c9,SMB,SSO,DE
3ef51f22-5cf0-4c29-91d7-efc54dd623c0,SMB,Google,US
acf131ff-c5b0-479c-887f-ee462cbef75f,Midmarket,Google,US
64c15a76-1191-4203-9f59-538a84989a0e,Midmarket,Email,ZA
36a86373-8501-4166-874c-79ff2971a952,Startup,Google,FR
d0589ba0-490b-4b22-845a-364de3dffcff,Startup,Google,CA
63dab333-3dce-433c-9843-74f31e7c4e75,SMB,Email,AU
69a45212-f3bb-44b6-995a-cf940fb88a2d,Midmarket,Email,JP
2dd4be75-d0e5-4866-bc6c-1a0777329d5c,Startup,Google,US
f74569fb-7ddc-4114-add0-daf86927c68f,SMB,LinkedIn,AU
f15bbd6c-4b7c-4c2f-88e0-900b234ca8ab,SMB,Google,IN
d90d94cc-1c2b-4d04-90fb-705eddd23a8d,SMB,Email,FR
8a437e0f-db7f-4da9-9c6d-2aaf4676ca16,Startup,Google,JP
c6b18ce6-7952-40ee-b975-8318fc3c2da6,SMB,Email,ZA
e27c2776-5ca3-4955-bb7c-a3a68cb2f607,Midmarket,Email,AU
6cc25805-d127-40bc-b4ff-c76cfbbd5eae,Startup,Email,DE
1b53a8b2-b81b-416a-8e3a-7102d3a73e1a,Startup,Email,JP
aec42eb2-9ee5-4754-afef-2a6aa6451fc1,Enterprise,Email,ZA
05bfcaf9-3b95-4151-8736-0d885114a586,Startup,Email,BR
5292c99c-3f79-465e-a58e-56ebfb97c473,Midmarket,Email,ZA
7ec5956d-f073-4e0d-9b56-8ed600be698b,SMB,Email,ZA
98b483cc-66f2-448a-ab59-d2809f922501,Startup,Google,JP
8f3618fd-bd0d-4fab-abaa-9ee8a092a2e1,Midmarket,Email,FR
207d0c0f-2b5f-4cba-bc4d-7a2a1a9d5fc6,Startup,Email,JP
4ae55e7e-6c39-4e43-af5d-24872c581380,SMB,LinkedIn,GB
b5d89e73-3922-4275-8e65-9ec7718b40e9,Startup,Email,CA
a74c53f3-ddbd-4b3c-8b6b-371670e06695,SMB,Google,FR
f52ba303-d197-4f39-bbcc-9898da424203,Startup,Email,DE
a900c7ee-9743-4fef-9ba2-992c68e1bb3c,Startup,Email,FR
4b43dd8b-13fe-4589-9302-148316a5432e,Enterprise,Google,IN
cce74ae1-11a6-438e-ba54-3965beef0e4c,Startup,Google,DE
23157e09-04df-4c30-a4c7-56a7c0270fb1,SMB,Microsoft,BR
70dfa135-6643-4810-abfe-2e703e93afd1,Startup,Google,JP
17c71aed-4448-4141-b72d-c8bc40802ef7,Midmarket,SSO,ZA
9121fa7f-cf7c-427b-8de5-a75d9383faed,Startup,Email,JP
19631503-b85a-4344-8a1b-12617c05d608,Enterprise,Email,IN
8a2bd273-7807-41ff-b76b-488dc8044cd3,SMB,Email,AU
235d8131-b866-4ade-b458-4ef97d9996d2,Startup,Email,IN
3e660a8a-bda6-43be-9431-e98760ce8368,Startup,Google,GB
e718fb61-2529-42ce-8b5e-b5e80876ee8f,Startup,Google,ZA
739a52c2-3f77-4bc5-9668-2b4725d28b07,SMB,Email,ZA
f60e6c45-1834-44cd-8f13-2e5b85ca9f03,Startup,Microsoft,US
f3e1fed0-7c40-4af4-99a0-c95c3c8e0d92,Midmarket,LinkedIn,AU
a2ee7502-832a-448a-8ddc-d9032ddeb201,Startup,Email,US
00dff8f8-f313-455c-a790-ed68688e4ad2,Startup,Email,BR
7cb87385-badf-4f4b-8c58-ea8bbf36f249,SMB,Email,CA
18f1ce04-76bb-4a10-9fd4-02ecd86872f6,SMB,Email,CA
b4f7e146-198a-44ca-b42d-72491347668d,Startup,Email,JP
b1067edc-65e2-4776-b108-6afff03fcad1,Startup,Google,CA
a5b4135b-98ba-4e0d-9cc9-584654d4f806,Startup,Email,ZA
43b70e3e-f523-456b-99c2-427ba0fdf2c0,SMB,Email,IN
1e5ca775-445d-48b1-b329-6c23a40d7ea8,SMB,SSO,AU
86ad3ae3-37f7-4daf-8cd3-9cb6c60d9305,SMB,Google,JP
a18fb8d6-2d3f-44d3-80b7-48b3d3e05b24,Midmarket,Microsoft,JP
cf861168-57c9-407c-993e-37a641a2a4f0,Midmarket,Email,AU
bbde13c7-6cf3-4c46-a28d-f7c3e9a8bcb2,SMB,Email,ZA
cccd1948-d03e-4f94-bfc4-bf09ea37d807,Midmarket,Google,BR
89435f04-026d-49b8-bdcf-080d68c7583d,Startup,Email,BR
e31ae746-ded0-4328-ad37-984b85dcf101,Startup,Email,JP
2f0fe467-7c7c-4954-af08-a2ff2ad763a0,Startup,Google,BR
bfd85dc5-ee21-445c-9bd4-b94a265dbeaa,Startup,Google,ZA
63b947a3-b5d2-48d1-a987-b29735d3a1a4,SMB,Email,GB
b57a263f-fb75-4f06-af62-d9b92cdfba65,Enterprise,Email,GB
be14a957-7895-4cba-aaca-bb657fc2808a,Startup,Email,US
820d53ed-a696-4193-a6df-6751d938d8eb,Startup,Email,FR
90b9f3bd-d905-4194-9f81-b452f93887bf,SMB,Email,DE
3de496b3-8b62-4447-8f90-30510f0e5d8c,Enterprise,Email,CA
27218744-c9eb-4471-9a2e-9a36982416aa,Startup,Email,BR
3732d143-95e6-42e9-910c-8b5394eaf7f7,SMB,SSO,GB
2619cd3d-b673-4802-958b-5edbcaf486c8,Startup,Google,IN
b8415ed0-6846-44ef-8499-4aa2c610298e,Startup,LinkedIn,AU
c2993119-5aa4-4172-bd74-289b55e84ad2,Enterprise,Email,FR
fb90262d-7590-4622-a619-23e4f153e395,Enterprise,Email,US
f32ff3b0-f960-495c-8f26-dbc2f516ed67,Startup,Email,DE
92b9fad7-2024-48f5-841c-d728a23f69e8,Enterprise,Email,GB
e6a4d49e-bb54-4f7c-bdc3-a9e573d31df5,SMB,Email,US
0b421279-5769-4b96-ad37-7c7806093d62,Midmarket,LinkedIn,FR
aaf854ea-90ef-42aa-8538-78e3add30db5,SMB,Google,AU
fcf7067e-7dc0-4858-8e92-ac56ce2bb484,SMB,Google,CA
5fe13355-11a3-4a3d-853a-2e5634ee6a7b,SMB,Email,GB
17bbc66f-8cf0-4590-9488-23d31ccf58dc,SMB,Microsoft,AU
3334cfa4-dbf4-4c5b-ae4a-31d16329e387,Startup,Email,DE
04a044aa-a744-43a5-9800-81cf8e4ebb30,Startup,Email,BR
525a0d0a-cc5f-4bda-b3c4-1956e8726237,Startup,Email,FR
3335751b-52d8-4edc-8e4d-fda28e867f92,SMB,LinkedIn,DE
d62f0029-7376-47f4-bcc4-2825a62d6c81,Startup,SSO,CA
45b1b5b4-e18f-4432-b7b1-46538e53a80e,SMB,Email,AU
254d3897-00ac-40f9-9716-dde52c008f1e,Enterprise,Microsoft,ZA
a4592cf7-4727-4e1d-b69b-dc1a8dd5b771,Startup,LinkedIn,CA
2d900542-1b2c-4a5d-bc0b-262dfada5333,SMB,Email,JP
c1af95d6-5688-4c92-af76-4c39c71edd88,Startup,Email,GB
55001879-c545-40f0-b216-769095ce7851,Midmarket,Email,BR
2fdc08b4-909d-4a1b-9c72-9998e12b197f,Startup,SSO,FR
fd5f8712-e703-4ee9-a48c-8978a1302a13,SMB,Email,IN
da4d8d9c-1e22-4090-bf4a-da18265f0b3a,Midmarket,LinkedIn,AU
cca5bd15-9694-4bcb-add0-5569b647e330,Enterprise,Email,ZA
bbf7206a-e6e6-4070-a27e-3a3346cf438a,SMB,LinkedIn,IN
44b149c1-406b-4e38-8a2e-953e1f07cd09,SMB,Email,GB
fbbac484-cc1c-40d6-8bed-3af5641ac326,SMB,Google,GB
bb293739-33c0-4927-a464-305baf500377,Midmarket,LinkedIn,FR
19d82751-bbe0-46b3-b108-eb11eeb3c009,SMB,LinkedIn,ZA
1284e8bb-889c-4374-be9c-4612e5ea80c9,Startup,Microsoft,GB
2c091381-10c7-4647-a88c-10c5e024bfe3,Enterprise,Email,IN
bc629601-4d28-4324-99eb-5266f8dc6fc9,SMB,Google,ZA
9ecfc6f1-7af8-4486-a580-dc4aec2167c6,SMB,Email,IN
bfedf418-3f1a-49b2-b944-cc779e63106b,Startup,Email,CA
e25a4110-7d1d-44b4-9c5c-d53f3d0286ff,SMB,Google,DE
9b7b2f5a-2f29-491a-9dd0-09d89506b792,Startup,Email,ZA
b97c2818-34a1-49c2-a332-dd016ec36e35,SMB,Google,US
56e2081f-e1a8-4676-9bd0-9b68a3f0fd6e,Startup,SSO,DE
c5a0905b-ab91-4050-b3e0-4b84fb4a06ee,SMB,Email,DE
84c41f5e-64d4-4733-a861-5ca1641fc7d9,Enterprise,Google,ZA
522a8f3d-e629-4c98-8cc2-b9aac546538a,Startup,Email,BR
70365d9a-fee0-4457-81a9-d70599dec7be,Enterprise,Email,GB
64339e2e-3f14-40d1-a95d-04998abfad5a,Startup,Email,CA
e82d81af-6a73-4631-b0ae-f082013aa8fb,Midmarket,Microsoft,BR
c8870c35-034f-419d-89fa-1a2d6993e5f6,Midmarket,Microsoft,BR
61315d2f-5cf4-4976-9346-3139079e0158,SMB,Microsoft,US
1c8b836c-bf51-48ad-b596-23738cb5c382,SMB,SSO,AU
bd7846f0-099d-4af6-8a03-4f025fc96024,Midmarket,Email,ZA
7eee6ebf-c556-4fbd-aa81-aaca8cc7912c,Startup,Email,IN
5a3812d1-3ab6-487b-9d8e-28f465e93705,Startup,Google,GB
0741f648-a6d8-4b41-8a59-56650886fd7f,SMB,Email,BR
41867179-3ae9-41af-9722-668d2b18fe19,Midmarket,Email,CA
fe87ba32-dce4-4e86-8502-3d750dfdae81,Midmarket,Email,AU
d0e01fe0-94cd-46ac-9d99-52659a85feaf,Midmarket,Google,US
2003ace2-5c4a-4c6e-83bf-d5c7704e3d38,Startup,Google,JP
0f57933c-e930-4d65-8d24-6dc52ad11244,Midmarket,Email,GB
4dbf0ea6-968e-4c39-9b8c-04a62ae2d4c5,Startup,Email,JP
dcf3c836-d913-46a6-9678-785278ae328d,SMB,Google,DE
7f843e0e-f53b-495b-b01f-9e90fedd4c8b,Startup,Google,BR
45b20000-e006-427a-931d-69d893c85b83,Startup,Email,FR
95d081ee-f9ab-4603-8ea2-3892344f7859,Startup,LinkedIn,GB
fe8525b1-2447-4918-bf80-69b525b15656,Startup,Email,IN
3ed4aa7a-0188-4fce-8da9-95e1c9225eb7,SMB,Email,AU
ab796f9f-d0c4-4d95-b982-18e2383f5ed4,Startup,LinkedIn,CA
8ca07fa8-531b-44ce-86ad-bfb92bed332e,Startup,Google,GB
47bc92bd-bc2a-4673-b798-40f5f83fecfb,Startup,Email,IN
d036100d-480d-4d49-87d6-9480f0355e46,Startup,Google,ZA
4f20a1f4-69d2-423b-a98c-1ad7be2ef7cf,Startup,Google,JP
bd3e2387-3ad3-48b4-8a7e-adc433d9486c,Startup,LinkedIn,ZA
73e45947-8582-4989-a9f6-9b495edc30e2,SMB,LinkedIn,AU
621f288f-a2ab-4f81-9efd-57acf316beca,SMB,Google,US
6fdeee50-d3a0-49fd-a577-4eb2e75d1649,SMB,Email,BR
9f87f5ba-de30-4bcf-94fd-c89a21c31e78,SMB,Email,GB
e8175e15-c510-4779-94ca-e58ddba78de3,Startup,Email,FR
dd58a4ba-e7ac-4f17-ba5e-4404c05ed47c,Midmarket,Email,JP
f729933e-1289-4944-b16e-8820c8fec1fd,SMB,Google,JP
6ee601d1-9ee3-44ab-9bb6-a360a6281a11,SMB,Google,GB
4f5cc9d3-4452-4a22-9ad4-775d889e36c1,Startup,Email,DE
061d288b-c61b-40c3-aa54-429f3e0baa75,Startup,Email,ZA
df3c5e3f-ae73-43b6-9a92-4f608a37d0e0,Startup,Email,JP
2b5f8f15-c3e4-4e79-97ea-558a49d78ae6,Startup,Email,IN
64dbb61a-173b-4f49-8d2b-edac71861f12,SMB,LinkedIn,CA
8320d5e7-9324-4f8f-93eb-2dcb47de024a,SMB,Email,BR
c575fef3-9d20-4b42-b13a-dad60a3c6ce0,SMB,Google,JP
3d6a34ac-23a5-4a78-b332-62ce4293bde9,Midmarket,Microsoft,IN
1d9409a7-b850-47f5-8220-6540ddf2b4be,Midmarket,Email,AU
76dd5a80-0f9e-425c-82cf-e3d14d927df4,SMB,Email,AU
af923f54-0ca7-4ec0-a4c9-24fe96aa752b,Enterprise,Email,BR
a5e142fb-5d97-4819-97d9-a40b3b5677df,Startup,Google,DE
96a09b67-272b-479a-8168-239b9471bf5b,Startup,Google,FR
7b035617-6983-4521-8091-a4fed702a31e,Startup,Email,BR
06942277-cfc6-428a-b2d1-a22251ac176b,SMB,Google,US
d49b9f40-882e-4446-bc8b-4354c77cb5b4,Midmarket,Microsoft,DE
9aed6a5c-3c11-4e9f-b6ba-fbfc28dbee3d,Startup,Email,JP
fd0d5dc3-673c-4d3c-a08f-980eabd4eab0,Midmarket,Email,BR
30feffe4-3767-4c6d-91d8-bf0cc79a01e3,Startup,Microsoft,ZA
ed785891-d112-41a4-b98c-b05e7aff4695,Enterprise,Google,AU
54f023e9-a987-4aba-bef1-4c3aded4ef84,Startup,Microsoft,IN
9ef6fd61-6e2a-4da9-9226-4d1851b61cb7,Startup,Google,BR
ca98d6e3-36d7-464d-921a-84a8c5531b3a,SMB,LinkedIn,ZA
952a80b9-f26f-498c-b272-e3ce0c8d2285,Startup,Email,DE
5c5c1f89-aeb5-47f8-a09b-c517053638df,Startup,LinkedIn,US
3db9370a-0721-44e0-b929-7adb584e1499,Startup,Microsoft,IN
373527c9-79eb-4de1-a750-d7242cfb72ec,Midmarket,Google,CA
5dafbd44-3392-406d-a718-441f65cdd579,SMB,Email,US
d6bc9abb-c1b4-4bd9-89c0-9f83385a47d7,Startup,Email,JP
ffc2145e-c9b2-42e2-9a87-0d4a48bb4738,SMB,Email,ZA
00d40868-78ec-4ae2-bbfe-167e7473bf33,SMB,Email,BR
8f55f5e7-bc87-499a-8963-8be27c82bfcd,Startup,Email,BR
3ecee3ab-185a-4b47-9cfa-75df115f9b4d,Startup,Google,GB
7f0cd528-0d5c-4d9f-ae55-1ae3f995a080,Startup,Google,AU
5c174b3e-562c-4e0d-b9a9-80f1a229a657,Startup,Email,JP
a0c154ce-3194-43db-84f1-8b83f7664db7,SMB,Google,ZA
7ea32b7c-3867-45f4-883b-0be6c042c7fd,Startup,Email,BR
e578b9be-f1b1-4ec3-aa09-5053a866102d,SMB,Email,CA
b2a36bea-16b8-4b6e-b530-53538e0c8616,SMB,Email,IN
fbf79455-0537-4e20-ad87-f9daf29c8776,Startup,Google,JP
3adb9fca-ebbc-44fb-8ddb-67f690ce753b,SMB,Email,DE
c602d9bb-e172-4097-a6c8-1069fec44fbf,Startup,Email,CA
9c537c26-cbb1-4a4e-aa63-0f1d564522a9,Enterprise,Email,IN
a236b882-eff8-4a83-8320-3b13a8f2d3d5,SMB,LinkedIn,FR
c9310c9c-4fca-4748-ae46-3573796f1537,Midmarket,Email,AU
5057f1de-ef53-4ecf-9291-5b3f8f456d0e,SMB,Google,JP
343ba8b3-e7eb-4569-b3b2-5f647a8cbd89,Startup,Google,ZA
da15c42e-d9e1-4f1f-985a-651c6a9f383d,SMB,LinkedIn,US
93370e80-914f-44b1-8576-a374098f8b7e,Enterprise,Microsoft,IN
d51eb673-37bb-440d-818b-f379c48e47c4,SMB,Email,DE
5aa60d0f-82d6-4221-bbae-43e0362415a0,Midmarket,Email,BR
58d30ffe-3a62-4698-9c97-7afc6b29d32a,Midmarket,Microsoft,US
eab29ad0-d336-4d4a-afea-624722c6c49a,Startup,Email,CA
b5f7b871-a451-4518-bd07-3a6a213c9e3c,Startup,Google,AU
8cbbcb4a-3452-414c-8446-abf0ea8d6a58,SMB,Google,ZA
9ab3da27-eb17-483f-b493-864504d7a350,Startup,Google,US
45b7f534-0ce4-4c83-8f54-bc17d2cd5b84,Midmarket,Microsoft,DE
ce75757f-48f6-46d9-b119-7ba175f57650,Midmarket,SSO,IN
0cffd4d8-8c6b-42e7-b8f9-9f611cf0df02,Startup,LinkedIn,ZA
68971511-8bff-43e2-88c3-0bfac5b612a1,Startup,Email,FR
f25494e3-2e1d-4b5f-b4dc-3179905ec5a8,Midmarket,Microsoft,BR
1081b5b8-1fb8-49c6-99a6-07a9d51c8315,Startup,Email,AU
cd7059bf-6241-4f27-ae26-0abb42087b4a,Midmarket,Email,US
8cfefb3d-0ada-41ac-a65e-51d942cc8a57,Startup,Microsoft,AU
ecfe180f-9854-4649-b866-4590e98f6f17,SMB,Email,AU
48e97829-8d9b-4264-8215-662af75ae01d,Startup,Email,AU
39b9e831-4dd1-4a91-bbc0-1caed17cd6e3,SMB,Email,IN
dcb67906-383a-4f67-80a0-bf2b286c1dc8,SMB,Microsoft,AU
8f65e0fe-6c3e-4e6a-8f58-f271d1cd4475,SMB,Google,FR
520d9160-8b10-44b2-8e42-5ca45e71752d,Startup,Google,CA
8ebc8bf4-c5c2-4b07-8b8c-292d4da67fd1,SMB,Email,DE
30795d84-35c3-4e95-bee5-f21065c2c45c,Midmarket,LinkedIn,ZA
7297e649-7e93-4acb-8591-0983b7882184,Startup,LinkedIn,FR
faaeee7f-11da-41bd-9cea-f5670b57a01d,Startup,Email,ZA
2ae997d0-7a86-4a67-8e29-9cbce080265a,Startup,Email,DE
8cb01c7c-d32b-4ddf-8a18-64fa69ef6fc0,SMB,Email,CA
c10931bf-bd28-4218-a7fe-1350e56893b2,SMB,SSO,JP
33f796ba-5ef0-4909-b2d4-23d8b19eb323,SMB,Google,ZA
c668a454-88df-45f4-a50c-684d65ed3289,Startup,Microsoft,ZA
a7fe68c8-d7ed-48d3-8bfb-286cd0c3d4e6,Startup,Email,CA
53772175-5753-4b5a-8e49-e94e2e0ba815,SMB,LinkedIn,US
5137f607-4926-49ab-8215-bce7686368b7,SMB,LinkedIn,FR
7ccdc091-b284-4f9e-801c-00f29fd27026,Enterprise,Google,US
c913a827-c9a3-4d31-9e44-fa2cd2d1c1d7,Startup,SSO,US
3caec4ed-cfc4-43f4-8efe-65779320e1ce,SMB,Email,US
cbcbd10d-e082-4e1c-b2cb-d9db335f9a5d,Startup,Email,AU
c1ef6463-a18c-4d92-8efc-315b460bacac,Startup,Google,BR
3d3d2344-2d91-42b9-bfad-99646f9e2c5e,SMB,LinkedIn,ZA
10badfa5-d678-4f11-ad91-24455f0b5ed0,SMB,Google,US
b7f96287-6269-438a-83c7-d59a07bb7928,Enterprise,Email,FR
33ac80ef-0a01-44ec-b0c0-b7de2c419c3c,Startup,Google,BR
d228a6e1-65e2-4c28-b51a-53756e36ab07,Startup,Email,BR
1f228421-cab9-4948-913a-336d71092d3e,SMB,Email,US
b90b53f9-71f0-4b8d-9c06-9e846703057e,SMB,Google,IN
6158a388-12ef-4db9-9e2c-5484adafc8e3,Startup,LinkedIn,US
f042f043-f630-4537-9584-b14bd3670251,Startup,Email,IN
e4a22fc7-10e3-454a-98f6-ca9bd3591b3a,Startup,Email,US
92f132a3-e089-46c0-8d51-a091a9c12402,Midmarket,Email,FR
b6da321d-0894-40c2-9c6f-da09ab4c2b42,Startup,Email,IN
cda82b25-30ed-4668-a65f-7e62595eb8d9,Startup,LinkedIn,AU
147e532c-72b5-4489-8376-a73de785a39e,Startup,Microsoft,BR
42f4b172-63fb-4f20-b767-3eefa623150f,Startup,Email,US
1967202f-89bd-48f3-89fd-7c9a72e1ac24,Startup,LinkedIn,BR
2c9efcd9-6b27-4dff-af2a-0bfd42344b53,SMB,Microsoft,US
52a72ded-8ee1-416c-aa3e-a47902c07d20,Startup,LinkedIn,ZA
5c4c7d65-4687-4b10-8e45-b6db91c33bde,Midmarket,Email,ZA
52716d6e-cf73-4598-b8a9-edab83f3b7c6,Startup,SSO,GB
f01ae5ff-ea13-4871-bfcb-d4ca65d9865d,SMB,Email,US
52133693-f070-4212-b7ff-bcdf5779f4d4,Midmarket,Email,GB
e53ffa43-574b-4c66-a417-4970a9df6739,SMB,Email,CA
92f6eba1-edef-43f2-979c-a05c4cf04c50,SMB,Email,CA
5795a5f0-5eb3-4aa0-9328-a18e6ff6a309,Startup,Email,BR
0214b3e4-7b17-477f-b81f-aac7bbdf304c,Startup,Email,IN
a2ba1e2a-73e6-40aa-a0ab-83e09bdd2568,SMB,Email,US
efbfcd1a-9eec-41d2-b3c9-e037435dbc2f,Enterprise,LinkedIn,DE
e40a1487-4f18-46c2-abcc-34b2cef1a945,SMB,Microsoft,US
3174fcfc-6605-41a6-81b3-b63635abf227,SMB,Email,US
2cd46788-4667-40ff-b4da-9db43aa68910,SMB,Microsoft,DE
48c8891e-fd27-4d6f-b999-a6cdca356918,SMB,Microsoft,CA
422c7f82-ab3d-457e-b131-2df23c0ebab5,Startup,LinkedIn,GB
68c800b5-d318-49cf-81f1-87512f7434ad,SMB,Email,BR
56df442f-f807-4620-8b5e-454891240c6e,Enterprise,Google,CA
8c7b5aeb-c6ec-4f7a-ac31-cd18eb4fef21,Startup,Microsoft,DE
fd46251d-2fea-42e6-8e08-9609b47cfae1,SMB,Google,US
1dc68ee0-a8f1-4b2f-afb5-802829b3e79b,Startup,Email,CA
c7f09d26-4ec9-4332-94ba-37b725c33f15,SMB,Google,FR
53788428-0a45-4f6c-a547-1a66a6a1b0dd,Startup,Google,ZA
fffe9d65-e6c5-4d21-986c-4e5119a4c512,SMB,Google,US
bca3dc28-2aa7-4995-97e2-3dbf985a74fd,Midmarket,Email,JP
d98efb04-483b-472e-932d-b0564c5e4000,Startup,Email,DE
7bbe7ea3-24f9-4d66-8f0e-c18bfb65712f,SMB,LinkedIn,AU
89496f27-e266-43fa-a98b-c7bbcf378fa1,Midmarket,Microsoft,IN
659fcbda-7869-45ef-8397-38b6020b79f6,Midmarket,Email,AU
915fde22-3d4f-4116-b9b2-9b805c918f1f,Startup,SSO,CA
c0ac9cee-c64b-4ea8-b7c7-4dd9936d35f0,Startup,Email,US
3467d21c-638a-46c1-b446-029fff4ca3f6,Startup,Google,IN
83efa2bb-e37d-46ed-8b13-52544673b1a1,Enterprise,LinkedIn,IN
be16cb9b-1ed4-4b2a-93cc-487e09832437,Midmarket,LinkedIn,BR
5fb27f52-1e6f-4467-b6f3-c7a350d44318,SMB,Microsoft,AU
ccc0f007-fd79-4631-9ed3-a8ff9b14a264,Midmarket,Email,US
89d11984-ccc8-4510-9700-7addcf1e2559,SMB,Microsoft,BR
a1bc0248-3d1a-42ee-ad2b-fd9973628995,SMB,Email,GB
71d268f0-b07f-4d00-887c-7cb8286509f8,Startup,LinkedIn,AU
a0931eae-049d-4b7f-9db9-ba9bdf5b03f2,Midmarket,LinkedIn,ZA
cdc62ecf-b787-44c3-9f32-beed1927d28f,Startup,Google,ZA
7a80ce0d-3129-45c1-ab8b-620151cf0ca8,Midmarket,Email,BR
20c119d1-df44-4cb6-aadc-990974ab3852,Midmarket,Microsoft,GB
b44dfb73-7681-47c0-ab6f-12fe3696406f,SMB,Email,FR
32ec8849-1bb7-4bd9-8736-0de02cdbb5d6,Startup,Email,FR
474d2a6b-66a5-4244-98b3-63d633008f2a,Startup,LinkedIn,ZA
5451a8d1-0faa-480b-b31f-18fc6cdba5cd,Startup,Email,JP
2bc97436-88e8-4140-b685-0a426c41f78d,Startup,LinkedIn,DE
b39649fc-9bdd-4cac-bf2a-9c66baa33254,Startup,Email,DE
387e090c-651f-4f5e-9d87-a524992ffb64,Enterprise,Email,JP
473c4d53-7a72-42f9-8e86-8a30ad1ace7e,SMB,LinkedIn,BR
387f462b-9c2b-4d95-ad09-0cec6135d6d9,Startup,Google,DE
ce4d26d7-aa35-4ec0-bb33-1c84f9150144,Startup,Email,DE
8d0e0afb-82ec-4647-9186-e8ee1f06a4a4,Startup,LinkedIn,AU
92c45ca4-8f4c-4ae4-be10-e4cf758553b5,SMB,Google,AU
69b4e983-a718-4dd1-8ed2-7b211a03a114,SMB,Google,JP
7b1df280-a650-40fc-9ffe-19034e74e559,Midmarket,Email,US
459e003e-14c1-4a6a-81b7-23d32acab9d5,SMB,LinkedIn,GB
8201105c-f32a-4da2-a6f2-20c141c3073f,Enterprise,LinkedIn,BR
e3f096b6-d3a4-4829-898d-012f687d1356,Midmarket,LinkedIn,AU
7e16edc7-22aa-46b2-8301-26854f64674c,Startup,Email,AU
e6325cc2-8a30-4ec0-9b43-fcc321f7e525,Enterprise,LinkedIn,FR
3e892ccb-9edd-47aa-9e2d-cdc284df4bed,Startup,Google,GB
402a8154-bd74-4540-842c-6675afe2ceb4,Midmarket,Google,FR
371cb8da-3411-46ff-ba37-c5e06d2302e5,Startup,Email,US
900b661d-0af5-453e-b07c-ca45b79c8283,Midmarket,Microsoft,GB
389bd82b-ac1b-4da2-b4c1-3d1ee603bdc8,Midmarket,LinkedIn,DE
d57c7d63-7a86-41ae-becd-cef504c49306,Midmarket,Email,FR
6960b477-750f-4f75-bc64-1610226d7973,Midmarket,Email,ZA
6f65706b-fe45-4b39-9aef-7025cbd2b8b1,Startup,Microsoft,BR
b098d326-78e0-4ae1-a279-bc22085893a9,Startup,Email,DE
6fdd3b50-7792-43a6-93a1-a1774268c26f,Startup,SSO,GB
9c59288b-96ee-41d1-b122-47541e28e677,Startup,Google,ZA
e5469dc1-00a3-4788-9842-7d81b2cb065e,SMB,Google,US
eee7c251-5b25-417a-a07d-ec8b0bb23ce4,Startup,Email,ZA
4a11bd33-b42a-4ac6-9416-248f34f6c000,Enterprise,Email,AU
c36cfce9-ec88-45e8-a0b7-1a5b65e3162b,SMB,Microsoft,JP
7acf35f6-3e8e-4649-9859-cd91971d180a,Midmarket,Email,ZA
57356a3d-6af6-472c-b35f-3413ea839e08,Startup,LinkedIn,IN
fe3b8855-345c-4136-ada9-e5daa8629eca,Midmarket,Email,US
0ed2be54-8610-44dd-a830-4e469dca7501,Midmarket,Email,DE
6d96b0a5-d726-4fd7-a138-3ffc57d415ce,SMB,Email,FR
96a52369-b86c-475b-8ede-e5f2a070a881,SMB,Google,CA
b47e1a7e-c5f7-43e1-bc6e-5cde19f6a921,Midmarket,SSO,US
dc554d1a-5f90-489d-a76a-ed188fd92a56,Startup,Email,IN
6b158599-29dc-4036-8962-638073670cf8,SMB,Email,AU
d290d171-e892-428c-b63a-7f88a1bf9347,Startup,Email,FR
d06b5fc0-3834-447e-afde-8e92f9f0a6cb,Startup,Google,BR
08c7b216-a114-4d63-8602-7b1522e9d3c0,Startup,Email,CA
b7881c3f-f94b-4462-90f4-0298ebb6361c,Startup,Microsoft,ZA
2503828c-1b9f-41d8-90aa-77d5331b5284,Startup,Google,IN
897c1b33-9344-4472-b347-21db40ec17b9,Startup,Google,ZA
40baea7e-d697-4665-ae2f-65a74a9e3fac,Enterprise,Email,BR
d8dba1ae-f236-4fa0-a2ab-a22dcc020c30,SMB,SSO,US
88860574-0c4b-482c-9da0-be114024c811,Enterprise,Email,JP
de6fdf09-5caf-4f21-b4b6-31ccc715f306,Startup,Email,IN
c1fa5617-5535-48af-ae84-4724f4ff4272,Startup,Google,GB
c4e930f4-6ba2-403a-afca-a49d4093a741,SMB,Google,DE
a78f6c1f-9b18-49f5-932a-5fc82365ccb7,Startup,Email,GB
17eee9ff-c59b-4112-a260-2bc5f7b63a1f,Startup,Email,JP
8965be0a-7c4d-4d15-b3f6-6e6cdd645e28,SMB,LinkedIn,BR
e9089dfc-7fc6-4799-9907-da0d4e88578b,Startup,Email,GB
f0451e1a-dae5-4952-b66b-2a3d54a60e96,SMB,LinkedIn,AU
005f7716-2855-4efc-8119-87a70c7d10c1,SMB,Google,IN
9dd69939-9f35-4437-a107-13719fcf498e,Startup,Email,AU
24156097-e55b-4280-99d6-9b2895ee99cb,Startup,Email,CA
f8c83378-d107-4b29-a790-75d1952eda3e,Midmarket,Email,JP
1c83c6a6-3e28-48da-a9b2-eebdd175183c,SMB,LinkedIn,CA
967b1300-f69f-46b6-9780-e96bb66ec01d,Startup,Google,CA
d709f738-b21f-4232-87d7-16ca49c6f20a,Enterprise,Email,CA
9d78dc25-8a37-4c4f-81f3-6e77be876e41,Startup,Google,US
d66e7a59-f897-49e3-a636-25744a1cd0e0,SMB,SSO,US
e39e818a-00f9-4a6b-86a5-e49b67f766cf,Enterprise,Email,JP
e9e4ccfa-f0de-49f5-9d39-ec7b3e02acd5,Startup,Microsoft,FR
d429837e-345c-41ff-b73b-a9c6116073ff,Startup,Email,GB
a527d7ba-048c-4d7e-b734-e4e1920e2859,Startup,Email,US
8c1b69b6-909c-42bc-a92c-4eecc2045e49,Startup,Email,ZA
974494d7-edbb-4dac-82af-0eb22e72bf4e,Startup,Email,AU
c112d0fe-111c-42af-95c3-4c8e0b79192b,SMB,Email,US
f4c2b4b6-4710-4d78-95cf-a8d35b07dbc9,Startup,Email,BR
24b878d2-24f1-4031-9245-f837034eb3f7,SMB,Microsoft,CA
d8e98302-6752-46f8-bbd4-03b57c89aed5,Enterprise,LinkedIn,US
3051afca-562b-4778-9764-7fe84ec9b18f,Midmarket,LinkedIn,JP
2cd453f8-13c3-4eb0-b2f4-e7e278a99090,SMB,Email,AU
675e895b-6db4-4727-9081-f51191f18dc0,Startup,Email,AU
cf4b7f63-252d-4f47-a0bd-6d7539b44b0a,SMB,Email,FR
fec48d5a-007b-4d99-a048-0a100203214c,SMB,LinkedIn,DE
8e59495e-ad51-4ab5-a4fa-7c2d5660a71a,Startup,Microsoft,DE
54db3f20-b07c-4106-baff-f79dedb58265,Startup,Email,GB
58d400e9-a5ce-4f44-b291-fad40bccea50,Midmarket,Email,ZA
711ee7a4-6f23-443f-93bb-bd2616953733,Startup,Google,IN
db3e6ff9-1ed5-4306-89d1-1b5392e9a4ae,Startup,Email,JP
b6b44720-cf12-4ea7-abef-06b91ba21a45,Startup,Email,BR
20106aa0-7f07-4256-a0d1-e38f314835dc,Startup,Google,US
a7830f39-0874-4b40-b506-5dbd217af6e3,Midmarket,LinkedIn,JP
518383b1-fe4e-4592-ba81-68dda96a3900,SMB,Email,ZA
00bdb999-8aaf-4113-828f-1dc0b076c1c9,Midmarket,Email,DE
e0a57a4c-227d-4c09-b5fc-3e38b0f5f283,Startup,SSO,JP
2f1bdcc7-f162-4cdd-a0dc-2c91a5770e9d,Startup,Email,US
bd3ab552-0769-41df-a634-542ae7410d12,SMB,Email,FR
4def9738-a66e-46b6-aea8-75b1c5bc8d7a,Startup,Email,GB
eaf97d40-5738-4174-81b2-f69dec6145af,Startup,Email,FR
76e30b1c-4a7f-4f88-bdcd-e7042dc69397,Midmarket,Email,DE
20715515-8a63-43f1-9c50-b45d57717c03,Startup,LinkedIn,CA
03977840-e472-4b72-b20b-32827b0c1dbe,SMB,Email,DE
ed767321-862b-46f9-8b5f-1d008415935b,Startup,Email,GB
9010c102-dfe4-4b02-9ae6-2888953cbee4,Startup,Google,US
77e421c4-ac5b-477a-9a66-ec72d60014ea,Startup,Google,ZA
8338967c-26cc-4268-8776-400e9f60a048,Enterprise,Microsoft,IN
86178f74-dc9f-43b8-bba1-22d9981925c1,Midmarket,Microsoft,FR
5dcf6ce5-615c-48da-a93d-21d12c6a1394,Enterprise,Email,DE
fba00cd4-2209-4230-baf4-912305a5abe3,SMB,LinkedIn,ZA
42922523-d194-4b2e-9549-f5037c953034,Startup,Email,FR
74f65716-7e5e-4d90-9b25-4544bc6552ce,SMB,SSO,DE
6f1087c5-a300-42fc-a473-8b80710f051e,SMB,Email,GB
7567952a-ab9a-4c2c-874e-a0fb96f5ae2d,Midmarket,SSO,FR
8be97895-26a9-4d45-8afe-3ea1e9a853cc,Startup,LinkedIn,DE
420a06ff-6514-4dad-b317-5a92302301f5,SMB,Email,US
2eaf6208-cdc1-41fe-be49-b091c943679c,Startup,Google,GB
322e7a19-de41-406e-ab51-e905c5309777,Startup,SSO,ZA
64fb8064-5914-40c6-8e0e-c9edf1d1f64c,SMB,Microsoft,ZA
9f85ede7-ddf8-49b4-b380-4b89501e6704,SMB,Email,IN
ded57cf3-0ed9-48aa-8e1e-9455a85c8957,Startup,LinkedIn,JP
497cbda3-24a8-4c63-a26a-6d3dc4255e9e,Startup,Email,CA
6572e59c-0626-44b6-a645-b69c32baf756,SMB,Email,US
d1e1eb36-6108-41d7-b335-a07c5307652f,Midmarket,Email,GB
53f18420-a54b-4d92-bf69-b21b8920c255,Midmarket,Email,FR
e0627499-ee49-4222-938a-69a2f290a886,Enterprise,LinkedIn,ZA
8a285224-2953-40cf-9dd6-cd60630beb96,Midmarket,Email,US
c1b0aefa-a8cb-4841-b28c-8a8c5810abf7,Startup,LinkedIn,GB
4c2d86be-7ba3-4cfd-999c-0b368128caa3,SMB,Email,GB
f7b2728e-ca3d-433f-a753-43ed6841860e,Startup,Email,FR
40c5432a-1020-4678-853a-63d722fd5345,Startup,Email,GB
e6111b2f-91d8-420a-a225-d2422ae9cd5b,Midmarket,Email,BR
290a07c8-e4c6-498d-96df-fc55ce8aebb1,Startup,Email,US
109eb75d-a432-4590-ba4e-49f5278f5a18,Midmarket,Email,DE
c13e2119-58a7-4f27-b12c-e4be6681cdeb,SMB,Google,ZA
04e60134-bf81-49b8-87ad-80a607bcd045,SMB,Email,ZA
80e84a33-fd00-4f83-8b5f-c645fca2ee33,SMB,Email,DE
11eb6e3c-0772-47cf-a67d-8d25f2004a14,Midmarket,Email,US
9013c1f3-c83d-4342-a83d-b4d1184905e7,SMB,Microsoft,CA
02fe4aea-f77a-4221-b531-7b964f1a1df9,SMB,Microsoft,US
dea4041a-200d-4594-98ea-2353fd8a0b1c,Startup,Email,AU
58659068-2ff8-47a6-b705-607e8c8c4ec4,SMB,Email,GB
c58b68b7-b803-40d6-ba6a-e7c1a9efc781,Startup,Email,JP
f02234fe-a244-47b4-84df-a705692005d5,SMB,SSO,FR
459f91ea-941e-41b0-b605-a8ab9175bf70,SMB,Email,BR
68656753-3311-4cac-9d1c-cf61b8fc1cf9,SMB,Email,JP
632977c5-7bf6-43a2-a315-5fefdc6b6f3c,Startup,Email,DE
792b6512-f342-41d2-9d0f-71afb5321608,Startup,Email,FR
7ff8ab53-872e-4ab0-90a5-bd404bd8eccb,SMB,Email,FR
2287e07d-218e-42e1-b82c-1f68b00a2ed2,Startup,LinkedIn,FR
b67efbad-ccc2-4050-a6c5-0d68eb0e0e70,Startup,Email,ZA
3570df1b-9c38-426b-a698-fcca7ccee5f9,Startup,Google,BR
6ac47b2a-46ed-489c-8497-38fc63b91d3a,Enterprise,Email,ZA
de840dc9-9a3d-4f02-96ad-a94b8b9858b3,SMB,Email,GB
22b52c15-c2b9-4ca4-8aff-83e288177b72,Startup,Microsoft,AU
f5b08d67-71b6-4938-a23f-b6ee4c0024e3,Startup,Email,IN
df6ff958-6c26-490e-be56-ea15de89cd0c,Startup,LinkedIn,BR
b81175e2-596a-4687-8a82-0fcea67689f1,Midmarket,Google,JP
234be793-3653-4e64-8b90-255e7a588a89,SMB,Email,GB
b6b65c4e-7398-40d6-9494-76b4cb291ffe,Startup,SSO,US
f90356e5-e05d-4fc9-84e3-46b2a4936567,Startup,Email,DE
95e6b76d-aa48-44bf-906b-1895dcc4ea31,Startup,Microsoft,AU
241409c2-2e3c-4437-9c6c-77d34cf50c49,SMB,Email,GB
b5201013-aed3-4a4f-a640-704e369b495e,Midmarket,Microsoft,US
5ef7cd79-26ae-4c14-9e92-d100f0f3d5cc,Startup,Email,AU
973d7085-4767-4355-8531-b407d65f3917,Startup,Google,US
6e30c926-9b10-4a13-9f85-437ceced1d81,Startup,LinkedIn,BR
8888cd9f-bbab-43b1-8cc7-fa04aece492c,Enterprise,Microsoft,US
f80444df-cf04-45e9-a900-4455b04f6afb,Startup,Microsoft,AU
66ced841-4114-497a-8866-d2a77aa5953f,Midmarket,LinkedIn,US
0a344b58-da82-4930-9aa0-fcd63b9178fb,SMB,Microsoft,JP
ef1bcc5c-fd25-4c83-88bf-7ded6a4f279b,Startup,Email,GB
38f87a5f-aca0-4572-bf01-eb9cee6ee17b,Startup,Email,AU
c1207c30-0b35-4ccb-ac11-dfea54864a84,Startup,Email,JP
869c4933-1edd-4884-ad35-5af6585f82ed,SMB,Email,US
390029e7-6233-42f1-b6a8-b946dedee959,Midmarket,Email,US
60834d8f-df46-416a-888b-91a62bb4b8e0,SMB,Google,FR
78806168-d525-4320-b3e3-aae35455e4f8,SMB,Email,AU
73c83cf1-0658-44ed-b459-142be2d2c9e5,Startup,Google,BR
e9a699a3-c62d-4ccd-8a93-79d36e900e4d,Enterprise,Email,US
1c3783cb-a692-49e5-990b-f0ccec83fb4f,Midmarket,Email,DE
558e41b5-be58-4654-a1e3-0aff5be9e751,Startup,Google,ZA
61c64a0e-743e-4a10-9523-9863c435f5c0,Enterprise,LinkedIn,IN
47ee7c5e-bb6b-4264-9a69-0e558e44574b,SMB,LinkedIn,ZA
429e5b3d-9e51-43cb-a720-20dee6a548d8,SMB,Google,BR
0048b1b2-883d-4b60-bf37-3f306f09a19c,SMB,Email,GB
05bc23aa-99b9-4b82-a935-5c0177cad20c,Midmarket,Google,CA
1b2d0b67-39fa-4b2d-9a76-b274daad35ba,SMB,Email,DE
cbc93476-1a7f-4589-9d16-1e202f1e0646,Startup,Email,CA
d43740d6-0bd2-402c-a1ed-e76892b35842,Startup,Email,US
62b3d608-375e-4434-9434-ae74e9d0d9a9,Midmarket,Email,GB
17fafb49-b45d-4dea-ac2a-8671c65b6d60,Startup,Email,JP
ac4794e3-0952-41a1-b46c-f9cba426e06f,Startup,SSO,US
70217f65-4c39-462a-91bb-3fb4348d2ae9,Startup,SSO,CA
e7f716d5-0d8f-4a9c-8de9-76cc89359c52,Startup,Email,US
66b887d6-5642-4587-8cee-2fb0d04200de,SMB,Email,IN
06d63765-ee0b-47fe-9946-ed0e17ff3947,Enterprise,Email,FR
d0c5604f-f70b-4d81-965b-e44fa7f3b97e,Startup,Email,IN
c1c47ddb-4393-4f1b-a62e-d62f327013c2,Startup,Microsoft,GB
6cca4472-e7b1-4fde-9270-4263897f9fe8,Startup,Email,JP
2ec2d106-7b77-4181-9eaf-3cda471baf77,Midmarket,LinkedIn,IN
45fe9284-27db-4d5f-9a62-e3d6725b9a4e,SMB,Email,AU
cb81a5b7-71ff-40e6-8cf2-a8478f3d3eaa,Startup,SSO,JP
cff26250-0bc0-4051-8ee5-8ffed6d1adc5,Midmarket,Email,CA
88debf4b-5339-4b70-a4cf-272774af1ff8,Midmarket,LinkedIn,IN
7e9f6b32-c845-430a-a76b-bf797ccc505f,Midmarket,Email,FR
181eb465-6ff3-4f41-89ca-7c59843f5b33,Midmarket,Google,JP
b37d6b50-f987-479f-b5c7-038eb4c41022,Startup,Email,US
8963d62d-6c39-4aea-bcea-1240c67ec40f,Midmarket,Email,FR
eefb5a44-e7a2-4df3-85df-799cfcf9c59e,SMB,Microsoft,US
b2700250-fbf1-4fe0-8cf5-1cc1734b4279,Midmarket,Microsoft,IN
2d541248-abb0-4f33-b08e-11c017764fbe,SMB,Microsoft,DE
e2396810-3645-472d-8f74-bdd18aef3c92,Midmarket,Google,DE
16553848-9e23-4e09-9856-b928f27b95f0,SMB,LinkedIn,CA
f28377a2-da42-42d6-948a-4835be5ac2b9,Startup,Email,FR
2c02b362-d605-41d6-921a-6b424c3716d8,SMB,Email,US
08d8b21a-96cc-4595-a398-b3e3f7d7593e,Enterprise,Email,BR
2e3389bb-d0a4-474c-86e0-e11bda6ff2a1,Enterprise,Google,FR
f40b8567-0cae-4f19-a931-b45514f91d60,Startup,Email,AU
c8a3742a-5878-4690-81f9-a2e49ba78886,Startup,Email,CA
b0c4bef8-7306-47bf-9945-c5572e8f5127,Startup,Google,ZA
4934dcc7-8ee0-4d76-8ba6-d8fe22dfb03b,SMB,LinkedIn,ZA
08ea687d-d3f5-4f78-8eae-18ef563c2b08,Midmarket,Email,US
24b2660a-306f-4605-aa0f-39074cb3b9ee,Startup,Email,DE
32bfc7fd-58c5-4db8-b652-c72edc6b84a3,SMB,Email,JP
e388406d-d746-4d27-ac31-ba0eb72a84aa,Midmarket,Email,AU
7cb29890-b4b2-4928-a8c8-6e2e9c4061b7,SMB,Email,ZA
e011a256-5f01-40dd-893d-4fbeaf1b4962,SMB,Google,US
7e9ff7aa-8122-41e8-9aae-365c3a8a8b64,SMB,Google,US
30a654e8-d222-4619-b1e9-594e8737354e,SMB,Google,IN
cbb2c8ff-008b-4502-9f1f-0e4cf1f6e300,Startup,Email,DE
f24d32c7-08c0-46ee-8247-010a61f4ca8a,SMB,LinkedIn,FR
4912d384-6eda-4585-9202-28c0dc3997d4,SMB,Email,JP
50c42007-81ae-45ce-a0f1-d5d93e61df85,Midmarket,Email,IN
6cd36f5e-356e-42a4-8fd1-4d12361db106,SMB,LinkedIn,ZA
12c1ed07-5c07-44d7-8b7a-1933bbb95973,Midmarket,Email,JP
42893b10-52d3-4311-8553-d4a2dbb0a18a,Startup,Email,CA
05919c58-9566-4cb9-b4f1-605d9d8914ca,SMB,Microsoft,DE
5d315dbb-a6b0-443c-bb7f-04f143107bd2,Startup,Email,ZA
8463616d-91d5-4c12-aca1-7e317d29544c,Startup,Google,US
43c51841-465b-48cf-828d-c31ec49af521,SMB,Email,ZA
8c6ed088-290f-41f4-845e-48b1d39173bb,Enterprise,Google,BR
ea7e89f0-37e2-4cd3-81b2-26866aba8642,Startup,Email,GB
72057612-65eb-45d1-908b-b7158049b966,Startup,Email,GB
c8d82ff4-3bef-432f-8b33-40edef3103c1,Midmarket,Google,ZA
715eb2e6-e81e-48d1-a4ce-49f5923a3df1,Startup,Email,BR
e3907337-78c1-4aa4-9199-20cf0cd85284,SMB,Email,ZA
4a793c76-0205-433e-8ca5-fc881a020ce4,SMB,Email,GB
b1c86d70-9797-4c7e-abf7-86a78e936ee8,SMB,Email,IN
64a6e840-b80a-4e58-9a50-556806beae48,Startup,Email,CA
389fa7ae-8c20-413e-8965-bfe85826e3a2,Startup,Email,GB
a749fefc-f633-4f9f-89fc-7c4b404635c4,Midmarket,Microsoft,CA
622f8ed2-7f02-4f31-86fd-4de3b3f903a6,SMB,Email,US
cf12d80c-a47b-4289-b18e-f95d9cb84e2b,Startup,Email,CA
1f37aa08-a9ca-4ced-bf08-841e5741ffc4,Midmarket,Email,IN
69d00779-4fd5-4020-9ffc-2b940a63a204,Startup,Email,BR
1ad4592b-5702-48d2-88c6-32011a6e54d6,SMB,Microsoft,CA
df5f18b8-626f-49a0-91c6-e3d923bf0a7a,Startup,Email,JP
4d5ac29c-7619-4e26-aaa4-4bfed67ab299,Enterprise,SSO,FR
11924c49-f0ad-4242-a089-f68b09b27b3c,Startup,Email,GB
fcef75dd-ff83-4d4f-bd6c-4747a9977833,Startup,LinkedIn,BR
55607dfc-d2a4-4fc2-9997-76ed7a2e5d2a,Startup,Google,AU
365aa789-ddc8-4177-ba4d-bea54bbb2d2d,Startup,Microsoft,US
5c95d2b8-310c-4050-8349-dbe0bb04d2b2,Midmarket,Google,FR
ddf63728-1dea-4df7-a7af-ec5a7a26c839,Enterprise,Google,JP
28ad0343-bbbe-4e84-ac43-fb2df658ffea,Startup,Email,DE
190eb3c3-b153-46ad-be02-6cfe2357b456,Startup,Email,IN
4466a294-b556-4b05-992f-5f94655ef62d,SMB,Microsoft,ZA
dd145ded-1de6-4024-96b8-25268f22f265,Midmarket,Email,FR
2bc4fecc-fee3-4296-80c7-1421e4e442e8,SMB,Email,BR
e47bdac6-a77d-45bc-8e26-59bf0eeea709,Startup,LinkedIn,BR
d337eafe-6084-4014-864f-e2e884532fa1,Startup,Email,BR
a2ace6f4-ed30-4a76-bbbc-e27fa0db25fa,SMB,SSO,US
a6b1048a-64b4-4381-80a1-5e7118bbd5ca,Startup,LinkedIn,CA
7ba98abc-e6a8-43b0-ab46-b235e68b50ff,SMB,Google,GB
063e7b09-152d-4ce4-94b7-33b31f661f7d,Startup,Microsoft,DE
98755bdb-cb92-40c5-bb0b-3ec2e1b558d7,Midmarket,Email,ZA
5b04afb1-49fa-4f00-bcdd-d3e4ca1e5fdb,Startup,Email,BR
65c133c9-9690-4007-99b1-2ab45920b7d0,SMB,Email,ZA
6d9931a3-4e61-47f8-baf9-29f8b9ad2a7e,SMB,Email,AU
a143d978-4057-425d-a47a-71607eb9aa8a,SMB,LinkedIn,US
701a19cc-133c-499d-ac58-250e54927477,Startup,Microsoft,BR
f991afb3-1762-49c9-9d39-1e3516e211b9,SMB,Email,AU
510ace9b-4d3d-4e38-be23-06752968c9d8,SMB,Email,DE
5ecd59fa-f70a-400a-80e2-fe2621e51760,SMB,SSO,DE
95b835d9-0403-4375-b1af-445a5d1653a7,SMB,Email,GB
6605a805-3488-48ae-8c0e-04aa3ec04f88,SMB,Email,JP
115f9e69-23da-4b70-a9d5-7422fbc82f95,Midmarket,Email,GB
a30a7d25-9032-4c1d-ac06-ba812f75637e,Startup,Microsoft,CA
acdef486-a1b9-4c93-b044-c96cd46ba620,Midmarket,Google,ZA
691c73da-1f96-4ef8-b681-f84b44e760af,SMB,LinkedIn,IN
ca9b9c3f-7e31-4aa0-b19a-04b576a10fe1,Startup,LinkedIn,DE
90027865-e628-4030-aad7-09c2f519f862,Startup,Email,IN
c11f0a1c-49a7-4d78-918e-6c0f10393f25,Startup,Email,US
624a595b-ad4d-4954-b9ce-c33cddb098e2,Midmarket,LinkedIn,FR
82296c33-6a5e-4543-b3ca-1b5dda14560f,SMB,Email,BR
18307871-145d-407b-9333-cae933441b3c,Midmarket,LinkedIn,US
4e3f0be4-f6cb-4a7a-8781-a29520effdd0,SMB,Microsoft,DE
d09a370d-7b8b-4192-aed9-c2eae11aacc4,Startup,Google,AU
c357d83e-8f98-4972-a044-9aa12ea60793,Startup,LinkedIn,ZA
763e0d61-4643-4a05-b821-7d3825e1205a,Startup,LinkedIn,IN
bfd49319-1bb8-4509-a147-1db18551e3af,Startup,LinkedIn,GB
cf55fb8c-fe89-4754-82b5-2c5da71cb214,Startup,Email,FR
495e9f24-9704-42f7-b2a2-f63d85206ade,Startup,Email,JP
f4bd9042-041b-49b1-b45c-4fd58fcd40a6,SMB,Email,US
eed582cb-2304-48ad-99a2-4a32402e0169,SMB,Google,JP
4d147e42-44fa-4287-925c-c83453813c79,Enterprise,Email,IN
37380ab8-ac4e-4a79-909a-28ab4718a7c1,Enterprise,LinkedIn,IN
a53a0e7c-d6c0-43da-8d91-616dc08673f0,SMB,Email,BR
e67481e3-72f8-4a9a-b580-a55ebfb9b5c2,Startup,Google,AU
8529886f-78eb-4ee7-b1fa-e425664c6143,SMB,Email,AU
6b6c6e90-9408-454b-9c2b-5336a8ad4687,Midmarket,LinkedIn,CA
216bc668-d4b5-4fa1-9298-62f91357027e,Startup,Google,GB
89ee4f21-afb7-4000-8285-05d4fbdb9cb8,Startup,Email,DE
e276b149-97cf-4835-99f2-2abff1ed69c7,Midmarket,Email,DE
4631fe3d-37f1-4c07-a454-2de48dda3fa9,Startup,LinkedIn,IN
65c765a7-9837-467b-bcce-0735711839aa,SMB,Email,US
6253898f-592e-45ee-8a0b-f332f5baeaf5,SMB,Email,ZA
25cd7d85-9e0b-4e85-b8a4-669ecf817b0c,Startup,SSO,DE
8c6c82d9-c89c-4255-8fea-a48bcd9d0777,Startup,LinkedIn,DE
6924bff0-57fa-4948-989e-a52b1416612c,Startup,SSO,US
4e526e35-ee38-41fe-acd8-a9fdd2d09629,Startup,Email,GB
165258d1-2462-44ec-99ce-18fa61b47f5e,Startup,Email,FR
65d16d7a-c9ca-4825-9048-ec86ac510cf9,Midmarket,Microsoft,AU
802751ef-b90b-4520-90fc-997b74a04ebd,Startup,Google,BR
9afe16e8-d5bf-43be-8c23-0d0a6e4666c6,SMB,LinkedIn,BR
864b5ba4-ba7e-4e41-b40c-23e5e57f98b9,Startup,Email,BR
13718a50-c2a5-4975-8530-2103629b9df1,Enterprise,Email,US
d4b48b3a-4943-4e13-9e15-495428f22669,Startup,Email,BR
78403b09-e0bd-4905-9a7e-f46fb46acf34,Startup,Email,IN
28b0e0cf-add0-4718-a513-65f85e4fb5d7,Midmarket,Email,CA
be129a2f-5d48-4917-8516-cb217f94193e,Midmarket,Email,US
85193503-d786-4c70-9ecd-2cc8f4fc6e2a,Startup,SSO,US
9fd34640-ecb0-4c07-8397-c4f9f906f98c,Midmarket,Email,AU
1740f6fc-fcb0-469d-a19a-3b652071f058,SMB,Google,BR
2e9a030d-5b55-4840-a97a-3d97c537c5ee,SMB,LinkedIn,JP
168ad5da-40cc-4c5c-bf17-6e8ce72a2902,Startup,Google,FR
7e998dd3-bef6-4437-84be-6a4fa0f51d89,Startup,Email,CA
05a41b85-0a34-43b8-ab51-34804e3b9bc3,SMB,LinkedIn,US
57a9c7d9-a6dd-47f2-aca7-d1ae7c668bc5,SMB,Google,CA
aa992859-15ab-4efe-8358-524eb46ba0a5,Startup,LinkedIn,US
a6a3a27c-34f9-43a7-887f-8aa0abd449d5,SMB,LinkedIn,GB
4c1563bc-0047-4084-b0c4-f1b2b324fede,Midmarket,SSO,AU
e47abbb0-9aa8-48f8-98a9-f5cf952a8d9e,Startup,Google,IN
26cfe6e7-f282-44dc-bbaf-442fe1c51bd4,SMB,Email,GB
e901589d-a9ed-41b1-8a77-5fe06201ef00,Startup,Google,ZA
c4ba060a-da04-4762-80cc-c0fff968eadb,Midmarket,Email,BR
a0ded204-3b36-45cb-bd02-2e2a286acd8c,SMB,Microsoft,ZA
e3b0cbe4-44f1-4995-b89a-92f9bca87991,Enterprise,Email,FR
1ddcc693-a584-48bb-b805-ac29bef4cda7,Startup,Email,JP
366889f3-0966-4796-8c30-f86b8517a672,Startup,LinkedIn,IN
a2c22f2f-a7af-4e57-8489-76eeda53d55e,Startup,Google,GB
626de7b7-00fe-43ee-a14b-f9f16a19f80f,Startup,Email,CA
c5989ea2-8498-4dad-898f-7aa7d7159a05,Startup,Email,CA
0d6204c1-6320-4bbf-8542-99ee761da820,Midmarket,Microsoft,FR
2e3201e7-cf6d-4f50-8e17-5b6ca20b2228,Startup,Email,US
9558fb18-fd66-4220-81ac-68512d856029,Startup,Microsoft,CA
28d43f3c-4492-49be-acb9-b7e62276bdc3,Midmarket,Email,BR
e9dd8495-ccf6-44f3-a6c9-2859cf57f201,Startup,LinkedIn,JP
629bc699-5d0d-4ecc-8fde-87586f231592,Midmarket,LinkedIn,AU
d8b02bcf-f49e-43ea-98df-eb5e3c42478f,Startup,Email,BR
a1395c7b-8447-4376-8c5d-37ed39b65277,SMB,Email,JP
0b228551-6532-4183-bddf-dd4c831ab600,Startup,Email,FR
9ba38e27-184c-4c5a-9bde-84314958644a,Startup,LinkedIn,BR
1f674411-f12c-4c47-80ec-cdea582160b8,Midmarket,Google,AU
14e63880-a5ab-4225-804a-85fcfa84e01d,Startup,Google,AU
dda28700-85e8-4a2b-8c92-6dc70452a69d,SMB,Email,DE
84df3f86-980b-43a0-806e-8fe987c852d1,Startup,Email,US
9a89ad3e-a782-452d-bea2-3af626b22b96,Startup,Email,FR
328264f0-8f66-4645-9eb9-b4ebf99397ac,Midmarket,Email,BR
285b8800-7be2-43ea-bad0-6bb35f0f79fd,Startup,Google,IN
dc565c26-cf0a-4bee-890f-2d2751547674,SMB,Microsoft,IN
244c172b-27eb-4214-8379-2dfffaab1e99,Enterprise,Google,FR
25814754-0cb4-4669-abcb-ff3fd779b000,SMB,Email,BR
85a98771-5be5-4290-b110-48313ca52dd5,Enterprise,SSO,GB
1a79becc-1544-4226-a77e-391ff90c9339,Startup,LinkedIn,GB
367d41b9-6099-4589-ba57-53915caed510,Startup,Microsoft,US
9f324e9b-88f4-4041-a246-6789aba2d92f,Startup,Google,BR
d637b75f-f77b-41d5-bfd9-7104f9933544,SMB,Email,AU
d5775265-414f-464c-bfa2-6a93edef2079,Enterprise,Email,CA
f408b76e-fee7-4fd7-8e82-a473c3304ccc,Startup,LinkedIn,IN
c880b0ad-4307-49e9-baf0-116ca08c1d66,SMB,Email,BR
84c4cdcc-afa5-4029-975f-00044dcdc736,Startup,Email,BR
ff905c99-05ba-47b8-944c-264a4e331a9b,SMB,Google,CA
bc8189f4-b795-462f-801b-3c43b38a1116,SMB,Google,CA
9da102f1-f8c2-494e-a6ee-e0f0d46b4918,Enterprise,Google,JP
0b7f0169-4477-4dcd-9448-aea87684c61d,SMB,Email,DE
fe4308ef-8d99-4baf-aaed-6138704b51ea,Startup,Email,US
aae9b4e1-cc8c-4321-8f44-7304370204cd,Startup,Google,IN
0495cda1-48a9-44bd-aad8-98b551a680a0,Startup,SSO,CA
d298326c-12f5-42f5-85d0-ec60ad8384c6,Startup,LinkedIn,GB
448ef7b3-637f-42e8-8fc9-8b61ce8c5416,Startup,Microsoft,FR
68412e45-f0a0-4dda-aa0a-fbcc151695f7,Midmarket,LinkedIn,GB
04b591db-ccf2-4593-947a-f8c8d6fa674e,SMB,Google,JP
7d6ba65d-27e9-467d-9098-6564a2c2d747,SMB,Email,JP
36550fc3-4b10-4552-bc2a-1e857e923a75,Startup,Google,CA
9c79a987-4cea-4c18-9dc1-a4908bf474e4,Midmarket,Google,JP
c4122552-a9e5-40c6-8f54-ad134f0be940,SMB,Google,AU
4a2f5126-2565-42fa-90d0-02f8cbc15cf3,Startup,Email,ZA
e8a92fb8-05f6-4504-b058-8a16eee3a729,SMB,Google,BR
040f53d9-93fb-4d78-8f4f-1322b92791b5,SMB,Email,BR
1401b6d9-14e6-4175-afcf-9a2d5821552f,Startup,Google,CA
c57d2ca5-8920-44f5-9190-70e47193e30d,SMB,Email,JP
a927cf30-1f23-4ad1-af63-e6249c1ba513,SMB,LinkedIn,FR
71a391a9-64fd-4644-a794-1fa79917dd82,Startup,Email,AU
fe3fef80-9fd4-4140-9d30-fb48c29fc886,Enterprise,Email,US
f80e2bd7-4086-4008-b5e1-383978b1069c,Midmarket,Email,JP
f7a91d8c-3822-4d3f-9624-80c6ccd9da4b,SMB,Google,AU
9b46919a-a3fe-4545-90b2-8fa8e0e0e4da,SMB,Email,DE
b78a7228-2166-4291-bf04-ec1b0d79f5e2,Startup,Email,US
bcb96fc7-0017-4d2a-a727-b684aa1442af,SMB,Google,BR
23b51a21-f50e-4055-9358-fe42ad71585e,SMB,Email,DE
e9f7d53f-6ca8-4e47-a78d-aa28096f93e3,Startup,Microsoft,CA
3bba99f3-31bb-491e-aebd-ca8bd5c76e9f,SMB,Microsoft,IN
84875d14-b7b9-4082-ad01-8f43f43111e6,Midmarket,Google,CA
6635ab7c-b797-4e51-b592-35de640002b6,SMB,Email,FR
60ed3934-fa90-4921-ad35-1a55727f813e,Startup,LinkedIn,AU
131642b7-93bc-4117-a886-c1996823ba6c,Midmarket,Email,IN
ccfee700-d874-47ae-aa82-7285b2811888,Startup,Email,US
0d58e75b-0375-40ca-b1c2-b67651055763,Startup,Email,US
96a7fa6e-aecd-4616-840a-7f4def9d17b9,Startup,Microsoft,DE
61e51844-d8a4-4c1c-8284-5d11b7600d57,Startup,Email,FR
150b89f6-9b66-44e9-bbac-64982a96d374,Midmarket,Google,BR
61c04ac5-2f87-4646-a068-e92a736d765e,SMB,LinkedIn,JP
60f653af-a177-4bb8-b675-56d1ae9d7158,Startup,Email,JP
7530ca5d-0146-4c93-b428-e6d0d1d24a6b,Midmarket,Email,IN
9c89c306-b53b-40f2-a405-4f2531ea4aed,Midmarket,SSO,FR
111544cb-9726-4406-8397-14ad531bfcbc,Midmarket,Google,FR
22e86d32-506f-4dc7-9afe-3a8efad77b99,Startup,Google,US
50bb501e-22c0-4cd2-989a-599e5b2f8086,SMB,Email,BR
0932d0ab-d638-4411-8739-984ec06c55ed,Enterprise,Email,AU
3b2dea25-4e5d-494f-9eaf-3b9cd92939b9,Midmarket,Email,BR
f6a94976-9eb7-45d5-86aa-52c43273a45c,Startup,Email,GB
02b912ec-0346-4906-a2bb-6e3e3e6f8836,Startup,Email,FR
1ecf7e90-a1fc-4834-a3c4-a89cb8a8e35e,SMB,LinkedIn,CA
3c9a87b6-894f-41ea-a6e4-92cbc4737084,Midmarket,Email,ZA
a12ac56a-92f1-4659-815b-ea2469404e94,SMB,Email,FR
796d015e-4962-4f18-b990-f96a62a08477,SMB,Google,IN
6b39cfca-0c0d-4ca5-af9f-3dcefe32e821,Startup,LinkedIn,CA
114033c2-9840-4688-bf54-6f6e2c760a39,SMB,Email,IN
6c76e951-216b-490a-868d-39913ec26e66,Midmarket,Google,DE
f480b877-2630-4ac3-9786-17182442950d,Startup,Email,ZA
7139b681-6f25-42db-ad00-b2b15849b4cd,Midmarket,Email,ZA
fd83ce09-523f-47a6-ab7b-064d5472d904,Enterprise,Email,US
16445cc8-c137-4401-9a06-7e009fe999f0,Startup,LinkedIn,FR
4a385b0c-8c18-4ec5-9345-abed514b7379,SMB,Email,US
a354eb5e-23bb-40ad-bced-a86254c03506,Startup,Email,JP
8031ec2b-d1cc-44fc-98fc-c3e1586c36ef,Midmarket,Email,IN
37586831-910c-45a1-aa1d-08ed85774db5,SMB,LinkedIn,GB
847145ab-8f18-4e7e-b6c5-7f8b01c92943,SMB,Email,GB
b9371436-b0b7-4936-8705-3fad55e13a80,Midmarket,Email,JP
318eae4d-80d6-4667-84c6-39153a03c09c,Startup,Email,DE
13cc2596-2c42-4b38-85a0-a0014010d7d9,Midmarket,Email,GB
95c96078-f4b4-4741-8607-0547e6abfbf9,SMB,Google,IN
e7c38827-b310-448e-9309-b88cb8070169,Startup,Google,GB
83596056-3c5e-400f-b7b6-d60465e672ed,SMB,Email,JP
184c911b-b3d0-4dd8-8950-a6a71e54740d,Midmarket,Email,CA
4f7e9c98-2069-48ff-bc76-26a83a54ec94,Startup,Email,US
946c9a39-461a-477a-aecd-3e0458ab358c,Midmarket,Email,AU
fef87941-21b3-4aa6-bdff-bfd9f7c1d433,Midmarket,Email,IN
56c0be46-b642-471f-bc76-7ed6ae2de796,Startup,LinkedIn,US
8bee9f9f-35ae-4195-bb5e-089a0b0cd365,Enterprise,SSO,ZA
29dbbd4c-e0fe-4f73-b082-b240ae4c8106,Startup,SSO,BR
072e9d1e-49df-4998-8ece-76e67f98f0e8,Startup,Microsoft,GB
4380dd5d-cbf8-4d81-ac85-2eea5573fc1e,Startup,Google,GB
52e63f24-bf13-4930-a40c-fbe2f0821b72,Midmarket,LinkedIn,DE
f761caa4-1c2d-4513-ae09-d12d1980601e,SMB,Email,US
d8a51bf7-c947-485d-bb9c-26e530a7247a,Startup,Google,BR
19fc8229-74f6-4468-9057-7545b9ce2741,Startup,Email,GB
dd1cab77-c8d6-4f5a-be6f-d309f94d972b,SMB,Email,ZA
3c333849-1e81-441e-b028-d350e3aecf6e,Startup,LinkedIn,DE
972280c1-3416-4fe1-b192-407c2a905dd6,Midmarket,Email,US
6b76a871-7aae-42f8-ba49-109d173620f4,Midmarket,Email,DE
01c03d62-2030-454e-b59e-9a70142b6d83,SMB,Microsoft,US
1f43adf0-5095-45ac-a572-11e70e3424e7,Enterprise,Email,FR
fb11b2fb-a990-4e3a-a34e-85d979cb61af,Startup,Email,FR
736fb1c2-c5c6-4be0-81d8-9ef3b524bfc9,Enterprise,Microsoft,JP
80698a85-083c-4b58-b278-154aa3b9d24d,SMB,Google,IN
a500ef6e-bfd8-4560-9b95-8a6307c94346,SMB,Google,DE
ad002d4f-d22d-46f1-8ad3-1d265018fa76,Startup,Email,JP
47e6d524-bea5-4926-ae77-2642583de89d,Midmarket,Email,DE
c6b4e6c1-be54-49ec-8c1c-9fcaa53938ca,Startup,Microsoft,GB
d6c51104-fbca-4978-8294-e1889c5dda3e,Startup,Google,AU
2a6a14c3-efbd-4cc4-a37e-748d5d5bb5dc,Startup,Google,DE
5784fd13-7330-4689-82fa-4ad95a3c5ca6,SMB,Email,GB
5936956b-a5d4-4a31-8871-f3d58e4d6ada,SMB,Email,BR
a1ca5a29-fd2e-4383-a023-0b5c4abce649,SMB,SSO,FR
445a522f-effb-4b0c-8920-10fcc796091e,Midmarket,Email,JP
a269b2fc-cb2f-480e-af87-4cf81c081701,Startup,Google,AU
a96440d6-01e5-497f-a510-5520bfdca397,SMB,Email,ZA
93e31b1d-9ab7-4130-b68f-69a5e031d294,Startup,Google,FR
50c1b885-e7ff-4900-9c41-0d51424e1613,Midmarket,Microsoft,JP
5607b69f-6a6b-4636-8ee5-2abe9970a083,Midmarket,Google,AU
cf0e5a7a-6cc4-4722-9cef-bdd24d0151cb,SMB,Email,ZA
0c9cabe4-a68c-42d0-91f2-b9afdb3f53eb,SMB,Google,CA
948caf18-6e16-4e11-a7d7-157889883d81,Startup,LinkedIn,GB
7eafd2a4-1f61-4cf5-a102-c01203dc5500,SMB,Email,CA
962a2015-80b8-4288-a521-b314c575f0f0,Midmarket,Microsoft,GB
074bc267-dcb6-4666-9d29-dc46b5be0197,SMB,Google,US
7126dd8a-46d5-43ad-83b8-971c83452992,Startup,Microsoft,IN
3a76fe1e-ca53-4157-9366-03873c0fb7f2,SMB,Google,AU
4770c9be-e5f1-440b-8a0c-2ee3c6254fbf,Midmarket,Email,CA
f4381b73-82e4-4ba9-9872-ebee232ace90,Startup,Email,IN
874426b8-c54a-4649-a274-e99463acdf87,Startup,Email,AU
aaeee697-4ad1-4717-a7a6-dd72ace14000,SMB,Microsoft,JP
1820542b-84b7-4d38-9335-740b9637d6f3,Midmarket,LinkedIn,US
0900acdd-c67d-4f5c-85e5-4aaf2bb644a4,Startup,Google,JP
c4170e1d-7524-4474-bf7a-71529ef7067e,Startup,Email,GB
5f8877df-eb8b-4e5a-8f82-45539c244a75,Startup,Email,IN
22ec59fb-4613-4603-80fb-dbdacdcc2f78,Startup,LinkedIn,AU
b9f8acc3-0e4b-445d-97c6-c6af78ee8e6b,SMB,Email,DE
f8a16551-ba00-42a2-89d4-24ba6727f4fa,SMB,Email,IN
c11599bb-c58e-4f44-9ffc-0f52daa90097,SMB,Google,BR
e2724f77-f236-4141-915f-adb64b1e7850,SMB,Email,ZA
5b6b7398-435d-4d28-b8db-c4b4d6ed2972,Startup,Email,CA
fb17f689-b5ce-408e-a140-fee2f97c8d36,Midmarket,Email,AU
19bf35b6-955d-40d0-bce8-669f88adc130,SMB,Email,FR
e8cf443f-a0ce-41d6-a9b0-d0103a2ce9bd,Enterprise,SSO,FR
3f6a4e08-7dfb-4596-bb7b-9acee95df9c7,SMB,Email,ZA
273ba4d1-4a56-4541-9f45-48b072b4f22e,Startup,Email,GB
eb3e91d3-3435-403c-a378-0237baae7956,SMB,Email,IN
61bcf9f0-6255-47b4-afce-c0eb6b793c62,Startup,LinkedIn,IN
f42c0a24-b99f-45ce-aa76-78c857282dd3,SMB,Email,FR
2e323e42-f5a0-490c-984f-e31314770982,Startup,Google,IN
759db0b1-a5f6-446d-b4ba-954de70066ed,Startup,Email,ZA
3782cb4e-e9bc-4b58-95f8-9be5c5ad2d90,Midmarket,Email,IN
c40cdfd6-6743-4422-90f9-e358e94ebd82,Startup,Email,GB
e78e0701-4449-4a47-8110-b3a584bbdd8f,Midmarket,LinkedIn,CA
91d7b623-5002-4215-ad9f-10bd3bab496b,Startup,Microsoft,BR
24db1888-963e-4870-85e5-9e882ca25bc8,SMB,Email,CA
6b4be2cc-34ff-42a9-8dc2-0c46078c6cc7,SMB,Google,BR
7be7f9b0-8111-42cd-b15a-cba477753d06,SMB,Microsoft,DE
0624bb2a-247c-4ab3-9b20-f8c8d4fe67b7,Startup,Email,CA
826dc2e1-8b31-4ebe-bf1e-6c217f6dd2d2,Startup,LinkedIn,ZA
c5f4bec8-0e31-49b3-97ec-8f20286d6d7f,Startup,Email,US
d0053138-5db0-4b97-919a-403fa91715f7,Startup,Microsoft,DE
d3fd74c6-e1b8-471e-8b00-8444b35e246c,SMB,LinkedIn,BR
8afee859-b2a7-4872-801b-1754cea6a8d7,Enterprise,Microsoft,BR
5c9b0b44-d1c9-4820-858c-f2fa90c08b9d,Midmarket,Google,DE
7121dd38-2297-45a7-856d-9d73d6ae896a,Midmarket,Email,BR
3ddbfbde-98a0-4b52-9f15-0d8b08e0f908,Midmarket,Microsoft,AU
d6007c17-a670-47e2-9a1b-8fb5aef0b8f7,SMB,Email,US
b6a0d6fb-bf74-40a0-a9d6-46109a943b78,Startup,Email,ZA
3c84521c-a936-4e69-854f-84f6a12fd61e,Midmarket,LinkedIn,AU
6a5350b3-b5cf-40ee-94ed-cd488720c31f,SMB,LinkedIn,BR
56c62782-a428-442e-ad2e-5f050c9305fc,SMB,Microsoft,CA
6c428f12-65cf-4550-ac08-cc698cc76cdf,Startup,Email,AU
2186bf71-02b7-4d49-9750-8fdb16258906,Startup,LinkedIn,CA
aaa1b90f-70f4-4fe2-8774-6012d6bd1ec9,SMB,LinkedIn,DE
6bbf7a5f-759f-4ecb-b544-6e234d88f447,Midmarket,Email,IN
52d23738-76d7-4c06-8263-42886afbc076,SMB,Email,JP
cc7623b2-f264-45b8-8bce-ea82d80eead7,Startup,Email,BR
299b8250-5ebe-4e98-b181-d6e56d2fb636,Enterprise,Email,JP
134087f5-9463-47bc-92c4-6703d06c7fe3,Startup,SSO,US
4741f720-1384-49e8-b848-e1a5a4788124,Startup,Google,CA
6849b1af-3ffc-474a-84d1-26038bb247a9,Startup,LinkedIn,AU
58c9b3d9-0752-48b3-9a44-e4835124faca,SMB,SSO,JP
8a46db53-417a-4d71-ac1e-e6abc85c9026,Midmarket,Email,GB
d305c398-7227-43df-a474-aa743e73ecf5,Startup,LinkedIn,BR
f36b82dc-2e98-466e-bff3-d620efd390b1,Midmarket,Email,JP
93049ba9-3c88-4ba2-a2ed-619476fee717,Startup,Microsoft,AU
f9516d72-bb87-4e43-b289-2252449a4ff6,Midmarket,Email,AU
556207a6-2105-40c1-98db-f73e9dd5b553,Midmarket,Microsoft,US
c95a902d-3295-4b8b-9e1e-d8569411b8fc,Midmarket,Email,FR
c7958ac7-3f44-4bac-b1ba-0a4728b05862,Startup,Email,ZA
bd03da97-a8a7-4571-922d-a81eaedb8521,Enterprise,LinkedIn,GB
fa9982be-3588-4416-bffb-bf2e3cd36a36,SMB,Email,JP
830c692c-0c84-4cb3-a0b4-01a091fa6223,Startup,Google,ZA
37363ace-eca0-4770-99fa-7ce3465a9e7c,Midmarket,Email,GB
a77cedbd-45e2-4301-abef-aa649393addb,Startup,LinkedIn,FR
539a6874-3ebe-4b1e-b376-cbee5b3890a7,Midmarket,Email,JP
26c13c49-bf7d-4fa5-999c-ca0b7cecd564,Startup,Email,GB
fe1d15ae-7530-4447-ba87-69de1bde3cc9,SMB,Email,ZA
2a6c7fb9-89e8-4e1a-8e10-15b6ab2552b0,SMB,Email,CA
f68f1722-0a55-4b46-8537-19f82d7af470,Startup,Email,AU
7aa2a6cd-76e7-4f2d-a71c-16e4d279c40d,Startup,Email,IN
16e0968b-f82c-487e-bb33-1e8a898363e6,Startup,Email,DE
e833f151-4fd9-45b4-8868-6771c0145834,SMB,Email,BR
34a58132-bcae-45ee-96c5-0ac1205efaf6,Startup,Google,IN
f4d1545d-a866-4c65-bc30-46ffc8e9a1be,SMB,Microsoft,JP
bdb9bfc5-5238-4540-b025-7596ac6e02bd,Startup,Email,JP
b33ac3f7-01b6-473a-8100-16f860e09936,Startup,Google,GB
28aab00f-25ff-44c3-9dae-fd8276e32131,SMB,Google,AU
65dedb09-f678-47c5-8421-cdddb5b2482e,Startup,Email,FR
a41241aa-89da-4e50-b55e-baa5266e5d6b,Midmarket,LinkedIn,US
3bf91165-ef1e-4789-a7bd-58020d7c5b59,Midmarket,Email,GB
2ae969ee-2c93-4a29-8e67-e369f76b0eeb,SMB,Google,US
954934a0-480b-44a2-aa50-39276842aefd,SMB,Email,DE
15d70822-7901-432e-8ae6-9d0cc5d686b0,Midmarket,Google,ZA
a2990b5c-8b30-41ce-8910-18c3344ea112,Startup,Google,GB
fdf89cd6-1d57-4437-9faf-937cb4c517a1,Startup,Email,DE
c39e1437-0a2f-4d76-8095-eacfd8f8a5dc,Startup,Email,BR
a4deaf6a-07b5-4f0d-a47e-989fb4c998d2,Midmarket,SSO,GB
d42e8ce3-61cf-43c1-b08b-e5f2ceb1a72f,Startup,Email,AU
0be5318f-0f53-42b0-86da-533e27db78b9,SMB,Google,AU
7b22e762-b84f-4d38-8ac5-8aaf70c5167c,Enterprise,Microsoft,JP
30e9490d-fb34-42d2-b831-a2ef9efac646,Midmarket,LinkedIn,BR
b906acec-d379-4254-905e-dc430e7a1cec,SMB,Google,JP
b6135255-c240-48e9-992b-3d74e7027d02,Startup,LinkedIn,US
f6b11c7c-c756-4f3b-9854-35f5b18df28f,Midmarket,Microsoft,IN
c24d0911-243f-4997-913c-234dda695276,SMB,Email,FR
4021de02-a825-446f-bc1e-99f22c6079f5,Startup,Email,BR
67cc7b67-49ab-4415-a63f-f04a4b6cc179,Startup,Email,ZA
f9abe9d8-7b39-451f-b5d7-5598f633d588,Midmarket,SSO,FR
57d01303-70c4-455b-97e6-4d25601e33bd,SMB,Google,FR
3dd1d6e4-0e7b-4aeb-8766-20da60dd192c,Midmarket,Email,CA
9fd2ca7b-f0fa-4d73-bf87-974949522259,Midmarket,Microsoft,GB
d313debe-02f4-4ba6-83df-93a4d08b4320,SMB,Email,ZA
f80993df-b481-447d-895a-162a18b933e2,SMB,Email,BR
117a555b-7eb8-40d4-9b70-9e949dec8b54,Startup,Google,JP
16bb2817-3af3-45fb-b316-7f8dcfb462b1,Startup,Email,US
7cb427a4-90c5-4281-b00d-e286169e32ed,Startup,Microsoft,GB
85269e8a-6ad8-4fc6-b1b2-2006b6a2a16f,Midmarket,Email,CA
666796b2-bb12-4805-b9e0-ab6460d8b3be,SMB,LinkedIn,US
f0c17b78-7a12-4057-8d75-ed45a882e5de,Midmarket,Google,BR
69e27273-8993-4ecb-9fa1-f412f15a5eec,Startup,Email,IN
aaae0419-03c3-43c4-a54a-701d03a77c59,SMB,SSO,FR
5fbb1934-e450-41ce-bda0-501787d352bd,SMB,Google,CA
e2fd49d7-6ec7-4ac3-8bc6-35bcd9fd8af6,SMB,Email,US
1f523e0d-f2e5-4024-bc11-1bb3b839a0ec,SMB,Email,JP
363518ea-b21a-402a-8db1-a374b43420f9,Startup,Microsoft,CA
f746bdf9-4141-4bfc-98d7-217b68a46d30,SMB,Email,US
a256ed7e-9b11-40e4-be8d-f5f771edb130,Startup,Email,CA
7bdb10b2-a1bc-4718-90b8-595cfce07620,Startup,Email,JP
09da0520-6800-410d-a8c7-0900119c2c0b,SMB,Email,JP
8fd59048-2701-4992-8da7-350f2e947eb8,SMB,LinkedIn,ZA
742cec5b-e163-4391-9f50-64bbfb1a503d,Enterprise,Email,AU
61747997-4f24-48d6-8793-206e6db6031b,SMB,Email,FR
25e6520a-dbeb-4355-96cc-e7206274af7f,SMB,Email,GB
ca7701d1-43bb-40ce-b6d5-e7d6312a9037,SMB,Email,GB
e7282c4a-3e6f-47a9-85ba-9d8abc4721be,SMB,Microsoft,BR
216444c3-4b78-4380-8fe0-4584ef7a356e,Startup,Email,DE
ed9a5a38-4034-4fed-8c9a-58ba2af35b9d,Startup,SSO,BR
95d5c11e-9a93-4518-9845-f10f1da7938c,Startup,Email,DE
65f355ec-edc2-4aba-aff5-983d5df9a5d6,SMB,Email,CA
2eb943e3-99eb-4def-83c4-e789cccd2243,Startup,Microsoft,DE
f45c283a-3728-46c4-b34d-68284cec99e7,Startup,Email,AU
3b7bcc4d-26da-4bab-891e-bcf5fbb7d51d,Startup,LinkedIn,AU
d79ef8ab-afea-4e90-87bb-05fc88fcf818,Enterprise,SSO,FR
09a66a7f-599e-4267-9ede-5c17e0cfe073,Startup,Email,US
70d54968-8a52-4813-8cfb-b507f60808ed,SMB,Email,GB
55f4dbc1-af68-4b67-9aae-c7665ae1e4a7,Startup,LinkedIn,FR
39d1e8b1-ecd8-4940-940b-4728fb21838f,SMB,Email,AU
98816f45-af40-4558-81a2-bd9ca2551976,Startup,Email,US
c61ad873-db1e-4386-8d80-e4ab7d803e56,Startup,Email,BR
4a506fd9-dc16-4ed5-8198-180b37ea5034,SMB,Email,GB
16521c44-8acb-47fa-aafe-a733858eb867,Startup,LinkedIn,ZA
21921860-dc9f-4f95-92fa-ff2a540ad9bc,Startup,Email,GB
d73121a9-4678-4141-9b0e-cb21e32bea2a,Startup,Email,CA
deb758bc-5678-4e16-892e-7b2b4f837f54,Startup,Google,IN
66e2ea8f-3ebd-47af-90df-36fcd1b4e794,Startup,Email,GB
32c9a48d-06d5-4b1e-a54a-8ab5f09ad9a8,Startup,Email,AU
f0cea114-339e-420a-b35b-1662b3252137,Midmarket,LinkedIn,CA
431b25c8-4a19-40be-819e-91e21819a782,SMB,Email,JP
a0654df3-b6a9-46d4-a565-92ff5866a782,SMB,LinkedIn,DE
8593eaf9-2750-4624-9981-4e5c703ced01,Startup,Microsoft,BR
9dbb2450-0acd-4eab-a618-9b00f7b5856b,Enterprise,Email,ZA
e4013c40-688f-4710-8f3f-a565cca7c752,Startup,Google,BR
868bc8b6-87bf-44d2-9d59-50b83b7e671a,Startup,Email,JP
cc5d228f-5e76-4efd-8aca-93807925df48,SMB,Email,IN
ddf8b8fb-a96f-42ff-9c9e-1baeccd81d56,Startup,Microsoft,GB
ac843d5e-b51f-4f28-ae18-a9a663822c96,Startup,Microsoft,FR
99560330-9dc9-49a5-a527-6f9d496c267a,SMB,Email,CA
1511ccb1-2ac0-49fa-a757-e146600e73a4,Midmarket,Google,ZA
519ada26-1d4d-453e-9c12-0f0a6ae28e72,SMB,Microsoft,JP
c0a01566-bef8-4f8a-a769-8284083377cb,SMB,SSO,IN
04c1ca35-7414-4557-bedb-efa222f97990,Enterprise,Google,BR
4c48474f-14ed-497e-9a0e-761c67029566,Startup,Email,JP
e5455054-ed69-4aac-bcd9-4f5554d0fea7,Startup,Email,ZA
4684240d-bf70-4663-b248-7e043b9f963d,Startup,SSO,ZA
e204d68b-179d-4da4-bbfb-db0062d0a520,Startup,Email,IN
33f72e43-ee66-4cbe-954a-b83f659188a5,Startup,Google,BR
a1cc6ad8-9791-4043-8af3-78599eeeb1d3,Midmarket,Email,AU
8671d71d-1752-4560-a337-664bd93ada76,SMB,Email,ZA
12621ad9-78ea-4489-a2a0-b04f84265537,SMB,Email,CA
89dbda2a-dd97-4542-a871-3d8454f108c8,Startup,SSO,CA
0abdb105-3df5-4363-9cf9-417bed8f32e0,Midmarket,Email,DE
cd267c1c-aeb6-4bc5-8995-2c5051e89dee,Enterprise,Google,BR
f83110c8-5d9e-4051-8ea3-c0d94c61183c,Midmarket,Email,JP
7b631116-3c29-44cf-b5d8-98640d8db6fe,Startup,Email,CA
50bb7bb6-714a-417d-81e1-6d87c11f09c4,SMB,Email,IN
cd2084b4-af45-4319-9b0c-4ddc247571a1,Startup,Google,JP
084a4fb0-135b-4008-87e1-de9a1b3d6fd3,Startup,Email,BR
92d3df42-9519-43e7-8ae7-b4d38dd879a9,Startup,Email,IN
021a725d-8ae5-4a91-9707-3ddd48aae2cd,SMB,Email,GB
34683bbc-127e-4ab3-81b4-bbb4ba385fa5,SMB,Email,US
bb06718a-352d-4788-85a4-5e4bc5f38104,Startup,SSO,CA
51ad139f-3a73-48f8-b3d7-15c3c5db8aeb,Startup,Microsoft,CA
ccf83192-44a3-4d6a-b57f-84d7e3d5c4c0,SMB,Email,DE
d21f9f99-9447-4cbb-ae45-cb81846bc7bc,Startup,Google,AU
33844d10-d720-4b39-9df4-9c1e9efd910c,Startup,Microsoft,DE
d68c2c4e-137a-43db-bddb-31482623716d,Startup,Email,BR
7ec7501b-8143-4441-bc8e-8a4724c24943,Midmarket,LinkedIn,DE
d9d4c313-d77f-4948-b4bf-308c5d8cacb1,Startup,Microsoft,AU
cdb67223-e06b-4971-9958-5ee225cc9a4d,Startup,Email,AU
cf89da3a-933a-453a-aed4-d5975e2fe58d,Startup,Email,ZA
1e080b88-08c3-4872-8b1f-c9b3228822ec,Enterprise,SSO,ZA
101b78fe-c23d-4190-8b2d-8af3c4000760,SMB,Google,US
3919796b-ffca-4827-af42-d4dafa591560,SMB,Email,IN
e7906cac-149c-403c-bde2-4e1ccdba1f9f,Startup,Email,GB
dae275ab-d0f4-44c2-8810-cf02912d8c0f,SMB,Email,AU
34f55bcd-f2a5-4085-808e-77b9edc6ff1d,Startup,Google,GB
e540b29a-d006-4684-809c-126fd86bc04b,SMB,LinkedIn,CA
a180fda4-6f3d-4d97-bb03-7c7a07ba3dec,Midmarket,SSO,FR
03591dad-4083-4037-b017-d5d1fdae7891,SMB,Email,US
9ceb43a3-13d5-4981-b2b9-f1ee1e6f5209,Midmarket,Google,BR
3734855e-5a6f-494c-b660-0f40da1c27a6,SMB,Google,JP
65ba571e-faaf-4942-9732-e45507099638,Startup,Email,GB
5aa297e3-9f74-4330-9f4d-3423c00ebaaf,Midmarket,Email,DE
544bec0b-8f5f-4622-a926-a4f6ed5d74ba,Startup,SSO,AU
d7a912da-74b7-475b-baf1-1a4088eda1a5,SMB,Microsoft,GB
6a6b495c-7e46-42e5-b548-a7369358612b,Startup,Email,JP
88afe7f5-f228-486b-a59d-aeade540f1ac,Startup,Google,AU
b03e5180-10cd-4e25-ba2c-008dd19cb937,Startup,Email,BR
03bb1880-4338-4f2b-9ff4-05acc53d8611,Startup,Google,FR
a34769cd-e6d5-4e22-b0d9-57ef44b01a65,SMB,Google,DE
a13b1d46-1a6a-45ff-b88d-d04ac460a834,SMB,Google,GB
069e200b-ff9e-4538-8ffb-aec2f0e4a3c8,Startup,SSO,ZA
bd72a981-89c0-40f0-ab9f-24c89f52c039,Startup,Google,US
ef0768c1-6e0f-431b-aec2-9f707e2997bf,SMB,Email,GB
30484a53-2426-40a4-af7f-efeb808526af,Startup,LinkedIn,GB
c41d6388-abce-4b98-920f-080b7b9400a8,SMB,Email,JP
a7894ea2-4955-485e-ad94-c7a2b2006bb6,SMB,Email,JP
52627202-96a3-46d3-9818-fd1dc3357816,Midmarket,Email,US
f9ee7cb7-429c-4af2-881c-5127ee4c4b02,SMB,Email,GB
e5a40f8e-4114-46b8-801c-848d357c45fa,Startup,LinkedIn,IN
2b5632e7-a0af-474e-abbb-7d49a41f4cc8,SMB,Email,BR
b1b9ad30-28df-47c8-a4d0-a883b6914a25,Startup,LinkedIn,JP
1c721108-81e3-4f92-baac-25c96053864f,Startup,Google,JP
617cc270-6535-4cbe-8a6f-a90c29bf6f13,Midmarket,Email,IN
89d17f8a-5d03-4188-b61e-651a899c18b2,Startup,LinkedIn,AU
ca4e3b6d-aa88-4191-822c-d672f57cdae9,Midmarket,Email,GB
918b35b9-74df-4032-8033-591895219373,Midmarket,Email,US
6cc026dd-0403-4244-bece-8545b58d2153,Midmarket,Google,JP
cc0c90e5-100a-499a-90dd-e53472f1f931,Midmarket,Email,US
cdde2ef0-5ac4-41c8-bb8f-82a2c35a5ed7,Startup,Email,US
fe99d26b-72ff-43e4-9cf3-b8d7be2aa6de,Startup,Google,BR
d5aed3d3-f788-49a6-becb-39bfceca9458,SMB,Google,ZA
713c1772-d2c6-471f-aa9a-84f94adee1d5,Startup,Email,JP
07434d77-cac7-46e5-8086-b85b9a79d79f,SMB,SSO,DE
8a4ffff7-8a39-44af-9c2f-ee399b949ff6,SMB,Google,AU
bd11abb7-7988-47b4-8236-a24b40e0c192,SMB,Microsoft,US
cec415b6-ff96-48a0-8329-8a695b036161,Startup,Email,JP
fa2e5afd-9dd6-4c47-a337-fc17267fceed,Startup,Google,AU
19d75949-1b0e-4715-9807-e21b7e231c24,Startup,Microsoft,DE
68a0908f-945f-4f8f-ad7b-a61dd0034442,Startup,Google,JP
d8d9b1f4-c5f3-43b6-878b-1430985f118c,Midmarket,LinkedIn,GB
9e57fd80-7968-4c8a-8b3f-83c9b8f440ab,Startup,Email,US
51da9e84-185e-4994-92a2-acdd247c27e1,Startup,Email,DE
afa8595f-e34a-438c-b7d5-fdf4094527dd,Startup,Email,GB
3e22fd99-55fc-416b-8cd0-835888722efb,SMB,Email,US
66dee74d-dced-4220-948c-4d1de555886e,SMB,Microsoft,CA
98735f6b-f5b0-4bef-b7ef-77c0df19c21c,Startup,Email,FR
c1f6c1b5-1002-401c-a00f-09840987b03f,Startup,SSO,IN
a994d7e5-5033-4615-9784-01cbfbe0ab96,Startup,SSO,US
31afabec-4ae2-4434-a52d-6520c650af6e,Startup,Email,DE
ecb36617-d05b-4856-ba90-b2ba9a3c24ea,SMB,Email,DE
7f30daf1-d417-44da-b432-4609c392abd8,SMB,Microsoft,FR
8056f60f-5e3e-4535-b30a-eb5805951e14,Startup,SSO,JP
cc43764f-03c6-492b-bc33-f16807c4b68f,Startup,Email,IN
fd949cd2-fc92-4112-a81d-406a9dc8b1ef,Enterprise,Email,AU
25576581-d628-4570-988e-d287ce74ba08,SMB,Google,US
8a81c880-efd1-486a-8401-4d92d6e804ae,SMB,Google,JP
c0f39969-f4d4-4952-8ccc-80e0a27bbf2f,Startup,Email,GB
6d143b77-9726-4d5e-94e8-eb3d78852dcf,SMB,LinkedIn,AU
b2921ee7-329e-442e-bad1-6c2d48d75de1,Startup,Email,IN
236ac061-5f2f-4107-8752-dd0b2c35c416,SMB,Email,JP
6b55ddc2-4846-4c6c-a1f9-5d50b07313ab,Enterprise,Email,ZA
05a9291b-a4a5-4087-95a9-7bef3fc44669,Startup,Email,AU
2d129c6b-b6f1-427e-a711-be059adf4bba,Startup,Email,BR
2674a31e-9bd1-4d96-908d-78d5ffa0d2e2,Startup,Email,BR
8fc5bae0-051f-48a5-ad85-065aeff75198,Startup,Email,US
e40169c8-68ee-40fe-b93e-300b3020ffff,Startup,Email,US
111845b3-1218-4263-9283-4a61141a8910,Startup,Email,US
5a140e99-2f6f-4f8a-8da6-b8c67089cbf8,Midmarket,SSO,IN
5804e5ce-d67d-4bee-b5bd-f4e185faa0ca,SMB,Email,ZA
f644b19a-a3d3-4dce-b5a9-52a401365881,Startup,Email,JP
0a876fc0-e7d4-42e9-8012-d036a542fa0a,Midmarket,Google,GB
aa6e0d21-9571-48af-a066-92624be90b11,Startup,SSO,CA
f46fadbf-c5ef-4019-a5cc-6103c00163b7,Enterprise,Email,DE
bb94d4f3-10dd-41cf-9280-631d53e73a3a,Startup,Google,GB
3490bb75-6a96-49be-9370-1a20c706e052,Midmarket,LinkedIn,JP
669cb89a-a886-406e-8737-4a9402f5d440,SMB,Google,ZA
e2f37c4c-6b84-42b6-a242-2fbae31d7a6c,Midmarket,Email,IN
b471c039-b31b-49a8-8e4c-f032087d0368,Enterprise,Google,AU
b07fc7f4-7557-46ae-baae-1151bf332416,Startup,Email,GB
c700f504-9c4f-42b5-a4ec-3451b921faad,Enterprise,Google,AU
c08d1745-f09a-465c-ab55-6c7ba46492f3,Startup,LinkedIn,CA
46737495-8956-4e84-a298-64658cce8504,Startup,Email,JP
9469d87e-1d09-4c6c-a2a4-cc3bfcf3156e,Startup,LinkedIn,ZA
930cc0bf-b308-462e-9732-26ed4e24009f,SMB,Email,JP
92acef8d-8153-46d4-a740-4cc2cb942913,Startup,LinkedIn,DE
e3773871-85e9-4f2b-89bc-e4588ac2d505,SMB,Email,IN
b6481be2-096f-4f56-b82f-951ea6a2dd9a,SMB,Email,DE
b60322c2-7f4d-4b84-af0a-80fab1d28cf0,Midmarket,Email,JP
bcbb6811-95af-4a94-ab91-c34a47c82734,Midmarket,SSO,DE
fb815b3c-572c-4682-8e2d-b35c534f4bf5,Startup,Email,FR
da034849-0b25-40ba-bc27-017ff3e1f46c,Startup,Email,JP
51d676ac-4b7f-4147-a93e-726bb7eb2ea9,Startup,Email,ZA
f0faa657-7d87-4494-9e9b-f2ee706f8542,Startup,Google,GB
e3a2b16a-c02b-488f-b166-50c244aff6d4,Startup,Google,ZA
48f8bab7-646b-4c89-81b3-79527cd0f658,Startup,Email,FR
70956061-f4a8-4a2c-8c15-7e700308670e,Startup,Email,GB
797674f2-8a91-4c64-a752-1bc78fe6cba8,Enterprise,Email,FR
4e12a620-c341-4cfe-a78e-13d5a272b7eb,SMB,Email,GB
0b8312d0-c007-493b-a3c7-d7ff1e380e02,Startup,Email,ZA
a561e3b1-7234-4a63-8c81-19378dc5af9c,SMB,LinkedIn,JP
01b04a28-87ae-4f6c-87ec-707a262b7c9c,Startup,Email,US
9393b5b5-12d5-4855-b806-b8655009312f,Startup,Email,BR
77e766e3-d037-467d-97b8-ae716ca96093,SMB,Email,BR
7f8fb38a-27ac-4256-85b6-000702717801,SMB,SSO,FR
a7d14acd-375d-4590-802a-eca2fdc4770c,Startup,SSO,BR
101c15d6-1cbf-4cb7-9aaa-822abae7e758,Enterprise,LinkedIn,ZA
689ee4b9-36b3-4237-96d2-83ad57489750,Midmarket,Email,AU
b6b06754-3f55-4e2b-81ca-433a63f7998f,SMB,Email,FR
b4a29566-8044-4ac7-8d87-156b1a14084f,SMB,Email,GB
aeccba95-85b4-42b0-a375-d11c15410079,SMB,Email,IN
35dab6b3-1f1c-47c6-866b-0a129d393c33,Startup,Google,DE
308b946c-da6d-41bd-83bb-cabf37279a4e,Startup,LinkedIn,ZA
5cdafa62-d389-4231-a55e-9ea52f74bfc6,Startup,Microsoft,GB
de65ef54-0913-4978-ae6b-178bf8997d3b,SMB,LinkedIn,AU
c8655993-6c0d-4816-a4c0-c9f415336364,SMB,Email,IN
4867b2d1-ab4e-491b-ac75-5674399e54bd,Startup,Google,BR
e14536ef-0a43-4545-afed-c71c6aa0c3f8,Enterprise,Email,AU
7dd5ae00-4f6b-4446-96af-6eadd1d5c1aa,Midmarket,Email,FR
bc3fac81-2445-47ff-9b72-e66d92e876f4,SMB,LinkedIn,CA
b7685870-fbfd-4b1c-bd45-4c72612120f6,SMB,Email,CA
c0b7dc35-f77a-4b82-832b-21fb380c884a,Midmarket,Email,BR
bc947387-71cc-49be-b09e-7ed69b4f87da,Startup,Email,CA
c8d489bc-03b6-4e6c-a5d2-36ebe04ea094,Midmarket,Google,CA
cb51c3bd-7d2c-4497-bb9b-899a460fe7b8,Startup,LinkedIn,GB
fb40ae2c-184e-4721-a8d2-23fff0a2784b,Midmarket,Email,GB
7642b1df-199d-41b4-81f8-058017c8761e,Startup,LinkedIn,DE
347112d4-6e58-4577-b200-518e3d7cfacb,Midmarket,Email,JP
332a8aaf-67a4-42ea-a2de-8db08570a9df,Enterprise,Email,BR
a2fb7241-41bb-44fa-90c1-a028d8795f25,Startup,LinkedIn,CA
246d63cf-f49c-4e4f-bb2e-35b73b4b859d,SMB,Google,DE
4918e712-1086-4d80-b2fa-d06b2a492d60,Enterprise,SSO,BR
da66dacb-ffc8-42bb-aec6-af459ff2a631,SMB,Email,CA
8599027e-62a5-4ca6-a41a-e05982334529,Midmarket,Google,ZA
50b69046-e002-415d-a1ec-ec389ed96cdb,SMB,Google,US
b4f13793-e434-46fb-a187-7b1967070e85,Startup,Microsoft,ZA
f143703b-5236-4003-9f0c-1cd090b9b18c,Startup,Email,IN
a53694b4-6e74-44ea-a340-6a0dcbc0ce81,Startup,LinkedIn,BR
12327868-67c8-46c2-b5ae-b4f9c6e70e9a,Midmarket,Google,JP
00562897-3804-4e4e-8c08-5ecf44195c84,Startup,Email,IN
26196aeb-609f-49fb-8d10-461b84b31d86,SMB,Email,DE
51391341-79fe-4afc-923c-14a1191087fa,SMB,Email,DE
d252ea48-a0b2-4916-875e-d11fbeae790b,SMB,Google,CA
beb60ac9-5473-43ca-ac91-9efe1f9ed288,Midmarket,Microsoft,IN
473c49c8-ec4a-4c45-84aa-4452b53b5a48,Enterprise,Google,CA
ee58dcbe-75c1-42de-acea-9fde961af12f,Startup,Google,BR
f5476147-0b62-462b-8224-22d7aa36aed0,Midmarket,Google,DE
5725e06f-f32a-4b6a-b4c0-ee7f720aa100,Midmarket,Email,US
7c07c323-0319-4990-b6ca-9c22817c112c,SMB,Email,DE
44459823-590e-4e3e-93d2-446885c9fdad,Enterprise,Email,GB
46625818-fb47-41f1-a107-2342b37f33dd,Startup,Email,AU
12492296-62f4-4647-96d5-9f6f255aefc9,Startup,Email,JP
3380a0e4-a895-4280-81f9-b5efeff563e7,Midmarket,Google,IN
254a6b37-f4c3-4fdf-8b32-82e64eef065a,Startup,Email,CA
5ea14696-be13-421f-90ba-b26c1fd68c0c,Midmarket,Email,AU
2ab1b6b9-a74c-4f32-a0b4-47b95b775f02,Midmarket,Email,AU
4d82fdb9-78c0-4bc0-87d7-a2e49dc3c512,Startup,Email,ZA
57b70cad-72b5-4835-bbcb-83a8a88c34b8,Midmarket,Microsoft,FR
5b94cd7e-bb86-4189-b682-7558257ebd26,Startup,Microsoft,ZA
888afdd4-e987-46b5-8a68-7c8969c53bc3,SMB,LinkedIn,ZA
4e77c1f7-323f-480d-8204-8703c5f52d9c,SMB,Email,JP
a9fcee35-b25b-489c-be30-178b06396cd6,Midmarket,LinkedIn,GB
c4983f26-f1dc-4d68-9049-ce65de2b8d0e,Startup,LinkedIn,DE
57bb1943-1f6f-4c44-92a6-b7ba7b684990,SMB,LinkedIn,ZA
6db5effb-1d1f-4927-868b-2dc22834917c,SMB,Email,BR
c80f395f-bf19-45f9-9fcd-bd4f6b98a002,SMB,Google,DE
8335365c-89bf-40a5-a5d8-2b52ece3f246,SMB,LinkedIn,GB
5f96f367-aba5-4750-932b-eaf1da2754d6,Startup,Google,CA
0b0c7c1e-1e71-4f3e-97cc-74b2527fa1c0,Startup,Google,FR
c5d8f2e3-7090-4dea-a8c4-bd5b78429621,Startup,Email,DE
0e407eeb-caf6-4c89-8c86-4d2d6dcb8ed3,Midmarket,Google,IN
bc6e2728-7812-4e4e-b83c-5d469ed685e0,Startup,Email,JP
29ed3545-edb1-4346-af6a-2843aec6519f,Startup,Google,AU
3c253f18-faba-49ab-ab44-712d961741a1,Enterprise,Email,CA
1b50de19-c31b-4e1e-bd2a-80f5fef3bacb,Startup,Email,GB
621ea9ee-1e66-445f-a7fc-a05dba66c213,Enterprise,Email,ZA
1659cea8-f352-4fc3-9089-443ee45e0bb5,SMB,Google,BR
aa4c827e-02d9-4033-9a4d-804f7df7840c,Midmarket,Email,BR
3d0541f6-e09c-4f7c-a1c6-6c11aaa0abe1,Startup,Google,FR
cc3076e8-f1d6-4149-a60a-e2763f66d523,Startup,LinkedIn,GB
43fcf89f-4ccc-4e8c-8430-71a0e7f5da25,SMB,Email,CA
8fd14503-bb1e-4398-9526-cfccbe91efe4,Midmarket,Email,IN
319720d8-4c69-4fcb-bc15-b4bc01c33d78,SMB,Email,AU
478282bb-6001-43f9-bb15-49b4c0dfb07b,Startup,Microsoft,ZA
95c86ff8-19b9-449c-9ec3-eb9dd50ed80c,Midmarket,Google,JP
945488cd-f12e-452d-bcda-a3c9f1a34f0f,Midmarket,Email,US
f9f69e47-c13b-485e-abbd-585f94723e31,SMB,Email,US
d649e618-baa9-4e6b-9b49-7e98b9da8f4c,Midmarket,Google,ZA
3eee16b6-d299-492c-8f24-223f4548b768,Midmarket,Microsoft,CA
2787540d-8e34-404c-a389-17c813f425fd,SMB,LinkedIn,ZA
8be969c2-aa05-4e2b-810e-ca556a648e96,Startup,Google,GB
e236dc59-9672-4f4e-ab91-4ad2e9b14385,SMB,Email,US
d2e5cb6b-4aca-4ade-88f1-7a61a1ce7bd3,Startup,Email,FR
b9ffef91-df81-4430-a033-959b9ecc0f04,Startup,Email,GB
7c3e888d-0e4a-4cf5-ac99-447379bf9a3f,Startup,Email,US
dc4d70d5-4fb6-46d3-98ce-7506807ee2a5,Startup,Email,IN
3c31f424-866a-4a79-9525-ece3a1a66684,Startup,Email,AU
b6ce53bb-130a-4aac-9e37-fb390d66ef05,Startup,Email,BR
923581eb-0c9d-4898-8f2b-00483cd25e60,Midmarket,Microsoft,GB
904ceecf-8db3-49aa-b1c8-ad673d943fed,Enterprise,Google,BR
fde5fc22-479c-4c82-8927-76dc874f0876,Startup,LinkedIn,BR
2045879c-1f0a-4971-a470-9006852cb0e5,Enterprise,LinkedIn,US
ea107276-3f31-4cd6-9379-a8f1e24ce0e3,SMB,Email,GB
4c0c68ff-633c-4c3d-94fe-86c203c2ebad,Startup,LinkedIn,AU
52958362-aded-401d-b228-8b2fb542e48a,Startup,Email,IN
3b513f30-df19-49e7-b3c1-77e0131623a0,SMB,Google,DE
8a86e874-44da-4a59-b0b9-aa737862c042,Midmarket,Email,FR
cd8e2604-3248-4f85-b5b9-0f61289d7de6,SMB,SSO,BR
e4edb257-e809-46c2-b598-eb08f60b4d5c,Startup,Email,AU
bd99a1c0-fe64-44f2-aa2f-8f0a5ec4895b,Startup,Email,JP
1aeb8cc9-a6cd-47cd-b7d2-58c924372d51,Startup,Microsoft,JP
b499ec3a-243a-4e13-a0fc-bc1047eb39a3,Startup,Email,DE
d2e5840a-4e5c-47db-a1c1-32dee5daf42b,Startup,Google,DE
9a280d2f-e0d3-424e-93db-e2f5706a576b,Startup,LinkedIn,DE
412da391-6879-4fc7-9756-fd8f004b2ec2,Midmarket,LinkedIn,FR
c8b190d3-fe92-4897-9bc4-08d4ce411b2d,Midmarket,SSO,FR
362bc370-cbe1-4593-bc06-dcfa991e13fb,Startup,SSO,IN
5062ecc5-dcb0-430d-a92c-21fea53e9093,Midmarket,Email,BR
4658a99d-a83e-463d-975a-dc8be940511c,Startup,LinkedIn,CA
82559493-cd7f-4a41-b769-56ed17c15c27,SMB,Google,JP
63dbdabc-c8c3-4b1c-bfd5-715bbc8f27cb,Startup,Google,US
91ddbaa8-24f6-402a-b55a-1747f51ffb7a,SMB,Email,US
999e79db-0bb0-449d-9bd5-60e8134e6d04,Enterprise,Google,DE
f7b01597-258c-4248-9cb2-3fd431b45420,SMB,SSO,ZA
321f9402-cd0c-4b86-a38e-9b3216a41acc,Startup,Microsoft,JP
7772888b-c15f-46ad-85fe-07ecc251d492,SMB,Email,CA
6c0166c5-1517-455c-b032-4e96fc7b6e13,Startup,Email,CA
55406330-fd89-4ce9-9c23-f1b2fc730d89,Midmarket,Email,US
2cbb951b-47a5-4687-95e4-c70a276ef626,SMB,LinkedIn,ZA
7f0efc46-544b-4b7e-9221-d9da9d9a04c7,Startup,LinkedIn,CA
f8ac9755-830f-4d10-80d0-39cd8f3926ac,SMB,Email,JP
df96f918-7bbb-4c02-aa13-a45848327a84,SMB,Email,BR
55a88e5d-85f2-4882-85fe-9e5e13e17cb6,Startup,Email,AU
c29456af-ff8c-4aa5-92d7-be49ccf7cd7d,SMB,Email,ZA
8fcf53d7-61c8-4a04-b29d-271536ec67be,Startup,Microsoft,CA
6fe73231-d0e0-47ba-b3d9-f290ab6f35c6,SMB,Google,ZA
6a020964-9d2e-4484-8218-16e903368d0c,Midmarket,Email,ZA
270bb759-42fb-42ed-84f0-207721f3ca07,Midmarket,Google,BR
ec7487bc-0168-4469-a903-55373987070c,SMB,Email,JP
8280ece7-5890-4d2b-8a09-2f0d90941c1c,SMB,SSO,US
8abbbf9a-dc31-4b69-bdae-f8e4a88bc1ca,Startup,Email,BR
70c08c84-167a-464e-93a8-5d58f7a86a87,Midmarket,Email,CA
5dd77ac1-6756-4d5b-8e43-a4d7d1f60310,Startup,Email,DE
a9aafa12-0849-4059-9eb0-5533191dfc3d,SMB,Google,BR
e2ddb46e-9e15-4667-9852-413e9cf583a2,Startup,Google,DE
1c80c033-2de9-4961-8106-d2bdb0afb08a,Startup,LinkedIn,GB
fe04bf8d-07fd-4eb4-b305-93ad11dadef7,SMB,Email,US
8e98af26-decd-46e6-884c-fe09ed4d8eb7,Startup,Email,JP
d8d00831-a2fe-4c0e-9d59-c0489f0287ad,SMB,Email,AU
1e4e811b-cabd-4d40-a809-679dd404eff8,Startup,Google,ZA
a1ec819d-bdf4-4ad2-9488-7eb9c776aec7,Startup,Email,DE
d84c6306-5248-4714-b634-11aa86004283,SMB,Google,AU
5e64cc55-0c83-4e8d-9fab-b0d742c3a87f,Startup,Microsoft,AU
dd3f3c21-5b79-4161-9a30-4a0fb458d175,Startup,Microsoft,DE
05f535ef-53c9-4c61-aac9-834b19a0270e,SMB,Email,AU
307de3a1-9170-4522-a5df-879c5f3ba24b,Startup,Email,ZA
ea8fec0d-dcee-40d3-8c57-066d9cd726eb,Midmarket,Email,IN
7aaea19a-dab9-449e-be07-392ea37ec983,Startup,Google,GB
46b1ed09-fba7-48c5-a6c5-9c3bdbd2f5dc,Startup,LinkedIn,DE
5ac544e2-b83d-4ff0-968e-1b811a755ff4,SMB,Email,ZA
b8302be1-f671-4814-b352-edf156e5e671,Startup,Email,US
74ff86ea-e879-4005-96af-ce67b2b7d55c,Startup,LinkedIn,DE
d1968bfe-4c73-4e50-b8e8-81d71293c8bd,Startup,Microsoft,ZA
da150834-7506-4d5b-93d2-19dfc664f888,Startup,Email,ZA
e67b7ea5-1ef8-4ba5-89bf-3c07c25bae74,Midmarket,Google,BR
e77c4de1-42c0-4332-92cb-45d0b593608f,Startup,Email,IN
c2b4e40f-6309-423e-9283-0b65cd871a40,Midmarket,Email,DE
2bb1a8b6-6585-4fb0-84d4-8a420ac25f00,Midmarket,Microsoft,JP
aa1c9917-1ea0-4e5a-86d2-09f3d28f79e4,Startup,LinkedIn,ZA
43b44a1b-5d37-4454-bfdc-4c12f0ba09f9,Midmarket,LinkedIn,GB
11429194-ae09-4d01-ba42-993d29ef9379,Startup,Email,BR
1968370a-a2e2-4b6e-99e5-0223993f8f77,Enterprise,LinkedIn,ZA
ebefe2a6-2c1a-499d-999d-50b0306b0982,Startup,Email,DE
4716d27f-b961-4f34-88c2-ceb8bfab03a2,SMB,Email,CA
57f2935e-d9b5-4b4a-8a80-e04f483710f2,SMB,Google,ZA
b92ec643-9401-4805-8bd8-557ab0e04c34,Startup,Email,FR
d0269acc-e281-4ef3-a97e-e4392c8b9144,SMB,LinkedIn,CA
c608477b-a6a9-4ca5-9264-96d2224b7fad,SMB,Google,ZA
63aa3cbe-0ffd-4bf1-94b6-1ad546a90683,Startup,Email,AU
34c057e9-d2f6-4685-be46-a3a929db1664,Startup,Email,ZA
8aaaf277-7730-4543-ae0d-604622dabef0,SMB,Email,US
be9c8b57-40aa-4dd1-9648-fc07df05e035,SMB,Email,AU
d9c878b5-e637-4e74-b6d5-d466807f71f3,Enterprise,Google,DE
ff8949f6-2694-4ecd-b921-09612dfef3ab,Midmarket,LinkedIn,GB
9b8bd40b-bef3-46e7-be39-a944bebdda56,Enterprise,Email,CA
c45b7399-e539-47c4-895a-173bf037dd3b,SMB,Email,JP
b869c401-4788-4744-961d-a25f9ca65f8c,Startup,Google,BR
10dda850-aa15-4c51-8771-35d6203a42dd,Startup,LinkedIn,GB
7c419ccc-705b-4042-88d2-f3751aedcf1d,Midmarket,Email,AU
510fe3bc-3e68-4121-905e-7367451c9709,SMB,Email,BR
2eeebb1c-5aa8-4f1c-b90a-2aea0941ca4d,Startup,Google,CA
abf442f8-15dc-41c4-bd95-ff68dccaf93c,Startup,Email,JP
df6f2d2b-e713-4bb0-99bd-5b63f009a32d,Enterprise,Email,FR
44c5f152-b588-4973-b4e4-31c4fa1ad98e,SMB,LinkedIn,FR
fce1f014-2bb9-4307-8619-784dc6f930bc,Startup,Google,JP
8e37ad61-da32-4ba5-a7ac-597635a3c8f0,SMB,Google,BR
abc9390c-5a12-477c-aedd-c01fc15b9fff,Startup,LinkedIn,DE
95c0a404-3fe1-45c2-85a1-1ac57af9e8a6,Startup,Google,BR
1a47f7c2-bff9-406d-b5df-aaba408f01f5,Startup,Email,ZA
bf512fad-610d-4e45-9da2-ed0d93c8c891,Startup,Email,BR
1068c291-9a77-4b26-96a9-018aab7936fd,Midmarket,Email,DE
559e2be1-065e-4393-bc31-a5f0c0b61475,Startup,Email,GB
d105d081-e2fc-4427-980b-97e98651c7c7,Midmarket,Google,CA
9ca7f6b4-c240-4686-a87f-8bcd2204bf8a,Midmarket,Microsoft,BR
c7b16a2e-5ef6-48e5-9681-18979bb5ce3f,Startup,SSO,CA
7d790aa6-ce94-45b9-83ee-1534211de217,SMB,Google,AU
f699017a-b24a-4b93-97a4-fd967658bd48,SMB,Email,FR
30acc7a5-cc56-4db8-bd6f-0c4006234eb7,Midmarket,Email,FR
7483a216-f238-4bd0-baae-a576a65b4e70,Startup,LinkedIn,DE
923dc150-0c40-40ae-8dbc-1b3c33d2eb5c,SMB,Google,AU
cfece3b2-c132-4e3d-9c19-e7fdd68d1281,SMB,Google,FR
6dbd9212-9d9a-48be-a5e0-179298b4cd1e,Startup,LinkedIn,DE
a168f740-eebd-4274-850c-0ec555802e43,Startup,LinkedIn,BR
e175bf7d-1541-4a17-8517-45a8215cbf02,SMB,LinkedIn,AU
824c1fe2-08a5-415c-9e47-df5c89e02cab,SMB,Email,ZA
f0a5f370-ab3b-4410-83eb-3dbc1e207c82,Startup,LinkedIn,ZA
9b70e2f1-cb91-444b-8065-a66e3a4bceb8,SMB,Microsoft,ZA
403115bf-9c21-4509-9813-dc40af19d720,Startup,Email,GB
f8e05c4d-6f2e-4257-a8ca-35664d7bdd20,SMB,Google,ZA
f840c6f9-1477-40d9-a80b-cf4188d04dd9,Startup,Email,AU
a08cd2b3-5f1d-43f4-83b4-b28e6f825db2,Midmarket,SSO,US
ab1dde13-156c-4787-9933-8a88d3d92789,Startup,Email,FR
c8c64ab6-f3ca-47c4-ba60-49b6e6b19595,Startup,Google,ZA
5508e79d-de28-44a0-b762-70f1aff0e7e4,Startup,Email,AU
c58fc135-139f-49da-9950-e11d6e3af819,Startup,LinkedIn,IN
5a40749e-827a-42cd-bf1e-4a1b764fcba8,SMB,Email,BR
b539d026-9c4d-4ad1-b2fb-edbd349bb58c,Startup,Email,GB
03879d4e-233c-409b-81d8-ee5086c322b0,Midmarket,Email,CA
64f9a7b4-34d9-4e79-a8c7-a03bd163a0c7,Startup,Microsoft,DE
b82fbd38-467e-40c3-8361-8dc8018ff303,Startup,Email,IN
32598de5-14a5-4bb5-8652-1b943c0704df,Startup,Email,IN
4d374290-fed2-4cab-b55f-7813adbb1899,Startup,LinkedIn,GB
5659eb41-9475-450a-9d5d-f619da81c422,Startup,Google,DE
64b48bbf-c00b-43f1-836b-c2c2ca452299,Startup,Microsoft,GB
bc43bc8d-626a-41b1-8a2c-6da09d804252,SMB,Email,ZA
e82da3f5-9504-4fae-92a1-97386c3c3c0d,Startup,Google,CA
a1aa6e0c-d104-42a8-9dd7-665265e8695d,SMB,Email,DE
e56e302b-a3a0-43c7-9570-f6bc749affa8,SMB,Email,AU
0426548a-c167-4afe-bba0-713b6fd38eb4,Startup,Google,FR
f09ac395-2962-4cbb-88b6-5921cec4f8d3,SMB,Google,GB
483af2cd-5998-40fe-9293-7b7c82742dab,Enterprise,LinkedIn,CA
74024da9-c820-4744-8400-2021e69bc4d3,SMB,Email,BR
813091bd-9ed3-4cef-b6b5-4666413f4d33,SMB,Email,US
276dc9dc-6605-4adf-98c4-70b7bdeb2c07,Startup,Email,BR
5080584f-40ae-44c3-b703-05510709adfa,Midmarket,SSO,US
e657d41c-0221-44a2-9a79-fb6a41c3d36d,Midmarket,Email,JP
a33cd12f-b2ed-42d8-85a5-484e14b1ff9e,SMB,Email,AU
3f85803f-a2ef-4a3f-b6e0-38aef8978716,Enterprise,Email,JP
b508abf6-0857-4430-a432-d0890775adf7,Startup,Google,GB
cf6102f8-bb59-4d51-9468-47cf6cfc1071,Startup,Email,GB
540a59dd-f195-420e-a3f9-4fd5b9afe87c,Midmarket,Microsoft,US
505c3af0-edae-4624-b09f-9ad105f3346d,Midmarket,Email,DE
405fdc90-568a-4b93-b6c5-65a9687cded7,Startup,Microsoft,CA
f69a635d-3d3c-43b5-bfd3-1df28d4913a0,Startup,Email,ZA
faeac261-3bb3-44ab-bc7f-e873ac530cb1,Startup,Google,IN
3cc43ec0-71f9-480a-b8eb-e54a330ea6c4,Startup,Microsoft,GB
e521d175-ebc7-4fe5-a2f0-21481884634e,Midmarket,Email,JP
3da65b09-2149-485f-a8bb-5945d2ff1092,SMB,SSO,JP
9f801414-adf0-4d03-a4b2-e6257961863a,Startup,Email,BR
78fc6c10-1624-41b7-a499-a60ea86e7a07,Startup,Microsoft,AU
0f3854a7-0eac-4815-b0cd-7616ef62a898,Startup,Google,US
51d28589-ba28-44ba-a070-2814a277dc22,Startup,Email,IN
832e6bb5-4832-4297-bead-208942100e6c,SMB,Email,US
005c178e-8118-4aa0-9d13-0c0e1ebe925e,Enterprise,Email,GB
7ef4dae7-fff9-48c6-a140-189d3ad27718,Midmarket,Email,FR
a3444857-3b14-4f20-96d7-62d7d8310f51,Startup,Email,IN
1b7154db-3a21-47e7-9a79-479f9fd05079,Midmarket,Email,BR
b861038c-6495-4ce2-8825-7fff3c1e942b,Midmarket,Email,JP
3ca4b8bb-311c-44ea-9c02-66b78bec6d8f,Midmarket,LinkedIn,BR
de50f6e0-6bc8-4c33-8032-886a8609edc5,SMB,Email,GB
a2efbf76-0d28-4c4e-b2c6-d0130b4a3e92,Startup,Email,FR
5085cdbc-3751-4e1a-a5a7-e00c99212d9e,Startup,Google,ZA
5f43fe14-217e-4cfb-bbb3-7347913c2434,Startup,Email,IN
3ba296a8-e7d6-44f6-8f5e-9261b2433f34,Startup,Email,US
3be439ac-05f0-4d43-ac7f-46cec3860602,Startup,Email,IN
0b25d150-9c34-4bb2-a666-f90aeca6116f,SMB,Microsoft,JP
7d3f420a-7cca-4337-908d-0471be158158,SMB,LinkedIn,US
2a8178f4-e72d-49f4-8106-e0709e1041e6,SMB,Email,ZA
2160b907-067d-4795-b62f-a566f4dc2fbd,Startup,Google,ZA
08b1b8c6-7740-4daa-984e-8070a68f4ef1,Enterprise,Google,AU
39fccb22-2213-4210-9612-bec5bb29664b,Enterprise,Google,US
6dfb0483-86c3-4e8d-abdc-d0378adc0f3e,Midmarket,Google,CA
b890dfcd-b5e4-459c-aae2-21ee38748345,Enterprise,Google,FR
a0eb0984-e516-4254-9bc1-6237c1b1c3fb,SMB,Email,CA
6306d5ce-d06d-4bee-b0bf-a64c684ea1cc,Enterprise,Email,ZA
6e5b32c7-f0e7-4231-904f-216aae3efee5,Startup,Email,US
94bc3ab5-dd81-4825-83a8-eed6e12fd5e7,Startup,Microsoft,AU
a610b7d4-ae92-45a0-964e-e63045ccf91d,Startup,Google,IN
fa482330-c69c-4021-b853-e93d9d85a8bc,Startup,LinkedIn,IN
25afd868-2b43-4782-92e2-2f8c613edc36,Startup,SSO,IN
413f4afa-125d-425e-8c0d-7902c65b02d7,SMB,Email,AU
6fbaff05-1095-4615-b252-04fe36bbbc36,Midmarket,Google,GB
fcfd92e5-df0a-4b87-b54a-b79ae26b6cb4,SMB,Google,US
07ca1e8a-d27e-4c3d-a4ad-ba2bccf70a7f,Startup,SSO,CA
2887af3d-1f5e-48b7-bb60-d32ef63e0c14,Midmarket,SSO,FR
3e0b4914-9c05-4561-8d5c-ddb7dc506289,SMB,Google,ZA
f836b484-2aff-43df-9659-74079cb84e25,Startup,Email,FR
3af9913d-f247-4908-b431-867c7a29110b,SMB,LinkedIn,ZA
e250511c-1cd9-490c-bb7a-085559d09d36,Startup,Email,US
474b1069-0c59-46db-9fb7-6553f0906b60,Startup,LinkedIn,US
b34393b1-5f05-45ea-bad8-38d02ba2ea32,Midmarket,Microsoft,BR
98bc8832-5233-4ae3-870e-a0e62d9abac0,Startup,Email,CA
450e4803-9d7c-4bd0-940a-6304fa47b89a,SMB,Google,JP
ca303780-f762-4278-ae96-d82c46fd0215,Midmarket,Email,ZA
98fe2e60-f269-484f-8cab-d2ff6bae7cbb,SMB,Email,DE
fea13feb-38bf-4bdf-b8e5-0b6208dec5f4,Startup,Email,JP
b8786c01-c55b-484c-a56d-64820ecddd22,Startup,LinkedIn,IN
e251c022-5b29-45df-aaf0-249496b85d56,Startup,Microsoft,FR
0fa55499-fef2-48f4-a9d3-35e4ac60ce79,SMB,Microsoft,US
27d07035-fd94-4a9c-b6fc-98d80c30a8dc,Startup,Email,DE
fb4782f6-3d1c-4f75-979e-d1940cb9a994,Startup,Microsoft,ZA
13985b8e-230c-4b0e-bcd9-8d074152208d,Enterprise,LinkedIn,GB
1319914e-f1d5-4a1a-b936-19cd52d3dc31,SMB,Email,ZA
2631d17c-30c0-47d5-8897-1a29ed1ab025,Startup,Email,FR
63c6812e-2d72-4d67-8223-aa93b381fdce,SMB,Email,ZA
7114c5bd-3fae-41f6-85a3-a228dfa82a3b,SMB,Microsoft,ZA
6a38fc3f-5bc5-4f68-8e0c-1d79b991809e,Startup,Google,AU
79982895-1bc8-4931-8049-3f28d411cbc7,Startup,LinkedIn,CA
399bc50f-fa48-412b-b882-43b672073a3f,Midmarket,Email,JP
4adea5fe-0a95-4f8a-b255-c0837909927c,SMB,LinkedIn,GB
b07e7ecf-d4a5-4ded-a0a5-754b60d17103,SMB,Email,US
5460d095-7f80-486c-bce9-3143b662002d,Startup,Email,ZA
9380c4fc-7dc1-486e-86b7-d03618a242a1,Startup,Google,GB
2b9246ab-8dc5-44db-93e7-3abed2fbb88d,Startup,Email,BR
0554010a-e8e4-4f2c-8683-5c1ece0886de,Startup,LinkedIn,ZA
221c48c1-1711-42ad-85ac-e143004aec5e,Startup,Email,AU
52e4652c-3c60-458e-bc9c-a267a4057eb8,Startup,Google,AU
a4a8c430-66c8-479e-bc84-fc4e1ae799ff,Midmarket,Email,DE
f6fc6ea9-544a-40a8-a4a0-ef6b4c1c5cc9,Enterprise,Google,IN
8eb5acb6-a293-4974-b278-5cc537cfdb55,Midmarket,Email,FR
e870e8b0-9283-4731-bb47-5481e347e9d0,Midmarket,Email,JP
0f9f285b-025e-468f-bed3-2449beba20b9,Startup,Microsoft,BR
c2fd483d-0922-42ba-8587-7f7eb622b3a8,Enterprise,Email,FR
24c359cf-1f0f-4dba-aa60-909387c75846,Startup,LinkedIn,FR
f3f7a4fe-5bd9-4388-b1b0-d1d4b8eb8df7,Enterprise,SSO,DE
199cfedf-6336-40be-9505-6b1e74a2cfd9,Enterprise,Email,AU
c5393a7c-8279-475a-aa04-fa355fe49071,SMB,Email,CA
b04ad06d-8f39-4da2-9e07-2261aa298841,Enterprise,Google,GB
c69b20dd-5a6c-4fc5-857c-01deaee85153,SMB,SSO,US
fefb6a95-1d49-48b1-9abe-1dfeeff50e36,Startup,Microsoft,CA
69a01cac-aab6-4a27-a816-5c304b1278af,Startup,Google,CA
124131a1-e845-42d0-bc83-d7102d8bfaf7,SMB,LinkedIn,IN
c25b39da-8496-4cf0-b7e5-046b11c263ac,Startup,Email,IN
c26e80ef-363e-48af-a901-4626cbcf9b03,SMB,SSO,CA
f56ae020-3325-4677-8318-fde8b887d562,Enterprise,SSO,AU
192ed635-7612-4619-8fde-79ece37f6d07,Startup,Email,FR
6acd4f75-078e-443a-a150-dc5dc740fdf9,Midmarket,Email,GB
2cc41cfe-e259-4228-bb78-5bc7b2717a92,Midmarket,Email,FR
24de6e9d-f624-4d53-b389-22e8d7001f65,Enterprise,Email,FR
a75405df-9dff-4254-ab7d-859be417b0f3,Enterprise,LinkedIn,FR
75f47f63-5f89-460c-8b37-3b929f4485bd,SMB,Email,GB
d077fe14-7407-466b-86c5-38054c8bebda,Enterprise,Email,GB
50675757-069a-434f-a01f-cbd219af8016,Midmarket,Email,DE
9f0c0060-f064-4e63-ad69-4ba75e3d67c1,Startup,SSO,JP
abc93a08-5636-4667-8edd-6d275cc0d3af,SMB,Google,CA
0ce927e6-24e4-4ccd-a31e-c47eae005179,SMB,Email,ZA
4d7df5a9-62b8-4fd9-b2bc-5b7f9ce3ff96,Startup,Email,DE
68d66c7a-457f-40fd-a924-ed29b4d7e32d,SMB,SSO,DE
7faa77ed-cfa1-4adc-80fc-7955d2c31da0,SMB,LinkedIn,US
8d61f01b-6fc0-4f3e-84b6-2e606de9f915,Startup,Email,ZA
d1816651-028a-48cf-a9b7-8e61248911f0,SMB,Email,IN
36a7af85-0f7e-4d7c-9906-2c9a352a6af1,Midmarket,Email,US
3d131b8a-57d2-4ed9-9502-ab7020505cb0,SMB,Email,IN
f5748fd6-036d-4683-bceb-a836cb0eba57,Startup,Google,JP
0e09fd37-8d60-4cbc-9940-1b6adabff560,Startup,Microsoft,BR
0a3e724e-e2ee-48e4-8f97-f0f2cb5b0daf,Startup,Email,IN
3c8dbcc0-8806-43a4-8cab-adab1dac76b1,Midmarket,LinkedIn,FR
02c04538-26a6-4c70-9f5f-e409bb8b382d,Startup,Email,IN
3140ea3f-a552-4d31-85bb-8fc76a24e6fb,SMB,LinkedIn,ZA
6684816b-2a14-41d4-ae81-76e593048077,Startup,LinkedIn,GB
fc544677-a996-4424-b308-de94d027d123,Startup,Email,ZA
3de22f75-a4ba-431d-b820-aadc761568bd,Midmarket,Email,JP
2d5e625e-bb8d-4c4d-9317-284f7ae44b02,SMB,Google,DE
7c5b1b6a-fe44-4739-a37a-254eeb210d59,Startup,Email,FR
0054481d-81e5-4af0-8df8-bd7367a34c78,Startup,Email,BR
941c9e90-51a1-4b35-81fa-cc2582f82200,Startup,Google,JP
30609150-5096-4a24-92d8-5a09e2686834,SMB,SSO,DE
c904e5a8-dc62-4feb-823e-dc25d3a7a6e9,SMB,Email,AU
496434dc-2af8-42b0-af92-2c73781f9f20,Startup,LinkedIn,ZA
0d3bbb76-3e51-4327-a18d-be68031b52c0,Startup,Email,JP
71cb6ef3-5ea0-464c-b18d-68177a6f0338,Startup,LinkedIn,ZA
c4dd29ae-9bb2-437d-a11d-f8bb6d3efc56,Midmarket,Google,BR
6d7b582e-3425-4eb2-9de2-e33936396de7,Enterprise,Microsoft,DE
090c87c3-d873-45d7-877e-2f2a5703de13,Startup,Email,ZA
bb63c0a6-e411-4e92-9fcd-b9b8310d0aa9,Midmarket,Google,GB
523b3247-f188-4f64-bf47-128c9a366246,Startup,Google,IN
c57f2465-29ed-4919-b5d6-f6eb40d3556f,Startup,Email,US
a32d2b54-a65e-4695-8427-aed7fee66b02,Midmarket,Email,BR
fb9ffd8a-b7ec-4cec-8b21-311b4c934cb7,Midmarket,Email,US
71531bfa-1b6c-46d9-8ffb-de35bb11609e,Enterprise,Email,CA
65bde9a3-e5f0-4044-a077-fb783834d353,SMB,Microsoft,IN
8c17e027-3ebe-46d3-bc8f-f3a3be6baaa3,Startup,Email,BR
d0f7363b-d598-476d-9f9c-aca0da27b985,Midmarket,Email,JP
d9f7db5f-4d00-40ca-bdd2-d4e7d0bce56b,Startup,LinkedIn,GB
63f05f24-95a1-4316-b559-afa95436ae8d,SMB,Email,JP
1e807970-6d9f-4c4c-b682-8a06c82b8b44,Startup,Google,AU
49f8fbef-5c36-4287-960e-f8651951fee9,SMB,Email,CA
4a1cc5e5-d219-4256-a7a7-bac59899c58a,Startup,SSO,GB
70a2870a-24d5-48bc-b755-f1307c3ce753,Startup,Microsoft,ZA
3cfaa99b-d28c-4c2c-85c9-e888acee086a,Midmarket,Microsoft,ZA
bbc3517d-b46d-4298-b246-fe8c17b92cc9,Startup,Email,FR
e261bc99-7fdb-4408-a765-81f20db4a8f0,SMB,LinkedIn,ZA
11fd780f-eab2-4e22-8ba9-ebcf51479b19,Startup,Email,DE
eea1b333-ca50-453d-9948-d3c952fa42f5,Startup,Email,CA
5a3d680d-dec2-4b6c-bfe3-3714f86583cb,Startup,Email,DE
93babe9a-41f1-420f-b75e-d847f11fcb2e,Startup,Google,IN
e12964ee-fb31-4420-ac6f-d9c5dbc952e3,Midmarket,Email,FR
e2b59231-59b1-4ac1-808d-feaad6320761,Startup,Google,FR
1b772459-2683-442a-80ec-30095eb1ae14,Enterprise,Email,ZA
182a799f-594b-43e8-8b72-bac87da09977,SMB,Email,GB
cfbc83b3-74af-4025-a066-fe80ad70245e,Startup,LinkedIn,IN
6e94ff62-2818-4b0d-9048-558b5f1ee8ef,SMB,Email,AU
e90559b9-a65e-4415-9a3d-a9b8a5ce4979,SMB,LinkedIn,CA
d5052fe8-0a36-464b-b515-1b74cdbe4883,Midmarket,Email,CA
3efedee8-afbc-4c13-82d2-afe96dd7e3d1,Startup,LinkedIn,BR
9e6f091d-8995-4ab5-8cd6-f59ec40522b6,Startup,Google,JP
95f81f7a-4b6a-4724-8bf9-be6fca4464c7,Midmarket,Email,ZA
481042cb-2c72-49da-ac27-4735bc107645,Enterprise,Email,BR
d28b76be-3670-42c6-b6a3-8f86b2851422,Midmarket,Google,AU
d0533c1f-6586-476a-8c05-fcdfe7d6afa9,Startup,LinkedIn,FR
12b02e8d-1eed-4654-a712-5d4919fd7d1c,Midmarket,Email,US
c515a1f3-02ca-4fc4-bddb-e120c764229b,SMB,Email,AU
de9f97a2-45c7-4973-819d-4d4f8aa3197f,SMB,Microsoft,AU
5462796d-b11d-4927-9d3d-edc9a6de744d,Startup,Google,GB
f2431701-5f51-485c-91b4-99eb71a382ad,SMB,Email,GB
072bab5c-ccca-4dae-b611-8788f0de2a64,Startup,Email,GB
67c00cb1-a1e5-4f5c-ab2c-0a5119bff8b2,Startup,Email,GB
8e48bf1e-cb96-4740-8177-d67b13785b7a,Midmarket,Google,JP
837c95b6-5957-46f3-b7bc-248e5d9c98ef,Startup,Email,ZA
5f0a23e2-81b2-400c-8a03-43261f6d260a,Startup,SSO,CA
eba4be93-d4bc-4fb9-9e54-81abcdf3cc44,Startup,Email,ZA
f46228c1-e1da-4df2-b81f-da583d8828af,Enterprise,Email,ZA
fb3845d1-5200-40f5-94f8-206804f049ce,SMB,Google,CA
adb190a9-7135-4d2f-97c2-a367bd60d8f6,Startup,Microsoft,GB
9a8440af-68c9-40b4-b9a3-58577a3dda5a,Midmarket,LinkedIn,ZA
27222a87-5d6e-442b-a09b-11dcf24540f7,Midmarket,Email,JP
50235f2f-39e0-41ae-a0df-74cee3369b26,Startup,LinkedIn,GB
8e2ad63f-eb91-4adb-83f9-ce8de4feed62,SMB,Google,JP
bebcf3cd-bd8d-474e-997b-d6fd0fab833d,Midmarket,Email,BR
44e3d2c4-12f3-4a93-a438-7b7d50ec9e90,SMB,Email,ZA
dcea03e5-0d64-419e-847a-e06f17dbf6f2,Startup,Email,DE
4322cbd5-0347-4b0e-89c8-32e08f765b6a,Midmarket,Email,JP
e74e113f-af1b-4642-a64b-cc767c3bb504,SMB,Microsoft,BR
71bc0f33-21c6-432a-89b8-c2473dbe28a9,Startup,Email,IN
d837e2ab-43e4-407e-96e6-a6b115a63963,Startup,SSO,IN
acac8c91-a63f-47ea-89bb-715019d7453c,Startup,Google,BR
e26a8c41-efe4-4904-b8c5-c05e9df747f6,Startup,Google,FR
3618fe61-d7b8-4f97-a49e-ed07c194e7b5,Midmarket,Google,FR
0a9e418a-ada0-4f6e-90a0-0236102f40a6,Startup,Email,GB
9547a818-6b9c-4b5d-92da-0f25acea29fd,Startup,Email,FR
f1b43d2a-6719-436a-a835-1e37e1b205cd,SMB,Email,IN
f835d306-868f-45f9-90ab-3b64f162349e,Startup,Google,FR
edf8d10a-4986-4cfc-8842-698b9b05b0a6,Enterprise,Email,DE
8d13d5c9-71ce-4ae3-bd0e-790cdfa796fe,Startup,LinkedIn,IN
3e658d67-3981-488f-9823-8345cf656639,Startup,Email,JP
006cb2ee-ce7c-41e9-a77f-7eb946f4b4ce,Startup,Email,AU
813aed73-6e76-4f81-83c1-8ce3d27b229e,Startup,Email,FR
a46f6143-baaa-4369-958f-7c17c0ef16bd,Startup,Microsoft,FR
94494b0f-c2eb-4d52-be26-23f09db185c4,SMB,LinkedIn,ZA
f2b94dcd-95e4-4a8f-8e0e-1594f272dc3d,Enterprise,Email,CA
7d4544eb-459e-4d5a-99c6-a3bbf9887653,Startup,Google,DE
a46f357a-53aa-4fc0-9f8e-f08ebfcdf972,SMB,Email,IN
14bb6143-0acb-4c09-83aa-e294d4d60209,SMB,SSO,IN
262a3197-75d1-4542-8827-e966491dc78d,Midmarket,Google,US
2bb792bd-da73-4bb8-b9e7-84390b45f2d9,Startup,Email,CA
61aa67a8-bfad-41cf-b055-2f2324e33a79,Startup,Google,FR
b6eafbdd-c7e5-4cf6-98b9-df0dcdce30d7,Startup,Email,BR
a3ec32d1-42fd-421e-9128-51e24a3e014e,SMB,SSO,ZA
3eb152d7-ac97-406f-86ab-2a5641f4cf6d,Midmarket,Email,JP
e507e3ba-3113-4fc4-8725-d8f9056ade22,Startup,Google,ZA
c3ba47ab-0d21-40ce-9343-d7cbd8f2f9c0,Startup,Email,FR
489bea6c-2d7a-4af5-b9d4-9bc7e0ab16d7,Midmarket,LinkedIn,US
9d814bde-a167-49c7-8b51-aa8870aec17d,Midmarket,LinkedIn,AU
27793b09-3d58-42eb-b9d4-6caabf9b506a,Enterprise,Google,IN
32f92aeb-a87f-4724-a560-f802f1812b17,Midmarket,Google,JP
c466ab57-475c-482f-9061-c41507f65858,Startup,Microsoft,CA
6f633b21-13c8-4191-85d7-621cb092c882,SMB,Email,FR
8a8513e7-b706-412f-a28b-eec2d7e73741,SMB,Email,DE
cabf36e8-d3e0-4140-abc0-aec0b85c444c,Startup,Email,BR
66ff4beb-d79d-4205-a775-728a68221c8a,SMB,SSO,ZA
f33dc52c-cc9d-4abd-a64a-bb38d293257d,SMB,Email,US
44e8e0f5-b81c-4435-8d76-f2682952e7c6,Startup,LinkedIn,AU
2a276a77-edfb-492b-b522-ae5652ea555f,Midmarket,Google,GB
5a1d1f44-3775-4fd8-828a-c991f390d940,SMB,Email,BR
51ba5935-28f4-4ff3-907f-37e797d04d7a,Enterprise,Email,FR
0966ab48-a750-4ff0-823d-7988c3cc0d7f,Startup,Email,AU
b771b0af-fa3b-4af8-a467-74f1b136fcc3,Startup,Email,BR
1dacb2ff-17dc-4953-b9a0-debbe59277e4,SMB,Email,BR
fde48690-f3e1-40a9-9330-18f8a3136654,Startup,Email,IN
7c0bbd43-4c33-48e5-8c01-f6096d2d9691,SMB,Microsoft,BR
cef88253-7c27-4d44-831b-13d2471c8d8c,Midmarket,SSO,DE
b9af71c9-9f4c-4181-91ac-86142c6edfcb,Startup,Email,AU
21626a16-9c6f-4804-a653-7806cc0bbaeb,SMB,Email,FR
21b8f907-727e-410e-96f0-c915ccfb487e,SMB,Email,FR
e4aea690-7e24-4b08-b7e8-ccea38f82504,Startup,Google,DE
23af8fb5-2601-47b7-8e5b-c48a54baa465,Enterprise,LinkedIn,CA
2f8b456c-929d-4070-bdf7-04debb21a7a8,Midmarket,Email,AU
70322255-afde-49f0-bb4c-5034911ad866,SMB,Email,BR
c1d5e7ce-dc84-499a-8d34-4e71c2db1524,SMB,LinkedIn,US
971f8f60-ed43-43cf-9d84-10755b0799df,SMB,Google,JP
9ab5c44b-63f7-499c-a52b-3aceaad830c1,Midmarket,Email,AU
86caf9e6-8855-430c-bafd-73ffec58449a,SMB,Google,GB
b9093107-60ab-44f3-8b44-f218bc3b1e74,SMB,Email,US
0ba81c61-20fe-438a-a000-4f6bc275803e,Midmarket,Email,DE
5ef3ea6a-5c97-4f97-8c61-18c5418f968f,Startup,LinkedIn,BR
4bf68d45-007e-45b7-8b9f-4cb4f33dbc73,Midmarket,LinkedIn,CA
4771ec01-9b77-4a52-8d96-06e1ba9ecc5b,Startup,Email,GB
c99f1196-a2b2-49e6-9e5f-5d4777ff0d56,Startup,Microsoft,CA
e44206d0-4640-49f5-924a-71fced3980aa,Startup,Email,CA
5c0504d0-db1e-47a2-8377-26b4555c1ebb,Enterprise,LinkedIn,ZA
e4c498a4-518b-4612-9cba-f58294d1157a,Midmarket,Email,IN
e2d18d59-3d24-4ad9-90fe-452a70ad2633,SMB,Microsoft,GB
8ba6d7e5-719f-4069-a5ca-5836419ad5a1,SMB,Microsoft,JP
d200c28e-7798-4a3c-ad11-5709426b8f39,SMB,Email,IN
2a2460d6-0479-4c85-88ca-5b22faa313e9,Enterprise,Microsoft,GB
bf48779a-f899-495a-a642-7f9ff7ee7f64,SMB,LinkedIn,CA
c8e90516-72ea-4dc8-8a02-68007c7cf20e,Startup,LinkedIn,IN
bfccfa20-ecb7-4881-9cfb-3c92da3c7fa1,Startup,Email,GB
61c64e07-9f80-452f-b86f-fcaeaa3643b1,Midmarket,LinkedIn,JP
ce935649-9ade-4e16-b9f6-d2a3bae1a309,SMB,Microsoft,US
64e1df85-16ae-4ae5-a8ed-81b6bec186c2,Startup,Email,AU
b6ce87d6-6f10-4bb4-a9e9-1ab11b56dd97,Startup,SSO,BR
89eabb79-4cac-4dd8-800f-37b51f1d06b8,Midmarket,Email,GB
97c581c0-c2a2-440b-ae12-0027c1d36538,Startup,Email,JP
6bbc6f6d-b82d-4ed6-94dd-24e4dbe0610d,SMB,Google,AU
5789708f-d2a9-4534-87b3-8b4e84e8cd24,Enterprise,Google,IN
dde40e19-fb7f-4015-b15a-a8b604d4b4ae,Startup,Google,GB
513289e5-84d2-4737-98aa-1c75c1d9494e,Startup,Email,GB
3d120d9a-4f21-4a0f-9c72-d32943ad0b9c,SMB,SSO,DE
d2795093-c2be-4666-afe8-937941c50fac,Midmarket,Email,GB
f3800748-2641-4f43-b680-bd19b784fc31,SMB,Email,BR
65ab4118-7827-451e-a290-5771b5e45387,Enterprise,Email,DE
dee91a1c-6674-4d77-b3b5-3255237ad24c,Startup,Google,AU
308e7281-e3f9-4bb3-a407-14db210a15fe,SMB,Microsoft,IN
2900c898-1989-406f-aa01-9be925a7b102,SMB,Google,IN
f7fffd6c-be1b-4e94-8d86-0c40c1e98ac6,Midmarket,LinkedIn,FR
263fdad3-3c3d-4112-b44b-464bc2a6dcc4,Startup,Email,FR
1dd9b7d9-d67d-4470-afd0-74e6c05ea28a,Midmarket,Google,AU
ec2a1e8f-6256-41ab-9c62-f837c727a29c,SMB,Email,ZA
89f1a964-672e-4ebc-9ab5-3094bc32b628,Startup,Email,JP
123b5ea5-0353-43a8-99af-876c8c81d8bf,Startup,Email,ZA
cc69d8fb-af07-45be-ba79-5b536adc3fe8,Midmarket,Google,JP
e6261ad3-e582-4325-ba79-1cc2318e9062,Startup,Google,DE
1cba77ee-9682-4cdc-97d6-368255abeaed,Startup,LinkedIn,AU
1a5a2ee2-665d-41bc-a947-73be005c2ded,Startup,Email,JP
f6d75e09-62bc-4b11-87b8-c87706178b94,Midmarket,Email,FR
